timestamp,cultivo,fase,saude,status,temp_ar,umidade,temp_agua,ph,ec,nivel_agua
2026-09-15 22:27:05,Alface Experimental #01,VEGETATIVO,100.0,SAUDÁVEL,24.5,60.0,22.0,6.0,1.4,100.0
2026-09-15 22:27:06,Alface Experimental #01,VEGETATIVO,100.0,SAUDÁVEL,24.5,60.0,22.0,6.0,1.4,100.0
2026-09-15 22:27:07,Alface Experimental #01,VEGETATIVO,100.0,SAUDÁVEL,24.5,60.0,22.0,6.0,1.4,100.0
2026-09-15 22:27:08,Alface Experimental #01,VEGETATIVO,100.0,SAUDÁVEL,24.5,60.0,22.0,6.0,1.4,100.0
2026-09-15 22:27:09,Alface Experimental #01,VEGETATIVO,100.0,SAUDÁVEL,24.5,60.0,22.0,6.0,1.4,100.0
2026-09-15 22:27:10,Alface Experimental #01,VEGETATIVO,100.0,SAUDÁVEL,24.5,60.0,22.0,6.0,1.4,100.0
2026-09-15 22:27:11,Alface Experimental #01,VEGETATIVO,100.0,SAUDÁVEL,24.5,60.0,22.0,6.0,1.4,100.0
2026-09-15 22:27:13,Alface Experimental #01,VEGETATIVO,100.0,SAUDÁVEL,24.5,60.0,22.0,6.0,1.4,100.0
2026-09-15 22:27:14,Alface Experimental #01,VEGETATIVO,100.0,SAUDÁVEL,24.5,60.0,22.0,6.0,1.4,100.0
2026-09-15 22:27:15,Alface Experimental #01,VEGETATIVO,100.0,SAUDÁVEL,24.5,60.0,22.0,6.0,1.4,100.0
2026-09-15 22:27:16,Alface Experimental #01,VEGETATIVO,100.0,SAUDÁVEL,24.5,60.0,22.0,6.0,1.4,100.0
2026-09-15 22:27:17,Alface Experimental #01,VEGETATIVO,100.0,SAUDÁVEL,24.5,60.0,22.0,6.0,1.4,100.0
2026-09-15 22:27:18,Alface Experimental #01,VEGETATIVO,100.0,SAUDÁVEL,24.5,60.0,22.0,6.0,1.4,100.0
2026-09-15 22:27:19,Alface Experimental #01,VEGETATIVO,100.0,SAUDÁVEL,24.5,60.0,22.0,6.0,1.4,100.0
2026-09-15 22:27:21,Alface Experimental #01,VEGETATIVO,100.0,SAUDÁVEL,24.5,60.0,22.0,6.0,1.4,100.0
2026-09-15 22:27:22,Alface Experimental #01,VEGETATIVO,100.0,SAUDÁVEL,24.5,60.0,22.0,6.0,1.4,100.0
2026-09-15 22:27:23,Alface Experimental #01,VEGETATIVO,100.0,SAUDÁVEL,24.5,60.0,22.0,6.0,1.4,100.0
2026-09-15 22:27:24,Alface Experimental #01,VEGETATIVO,100.0,SAUDÁVEL,24.5,60.0,22.0,6.0,1.4,100.0
2026-09-15 22:27:25,Alface Experimental #01,VEGETATIVO,100.0,SAUDÁVEL,24.5,60.0,22.0,6.0,1.4,100.0
2026-09-15 22:27:26,Alface Experimental #01,VEGETATIVO,100.0,SAUDÁVEL,24.5,60.0,22.0,6.0,1.4,100.0
2026-09-15 22:27:28,Alface Experimental #01,VEGETATIVO,100.0,SAUDÁVEL,24.5,60.0,22.0,6.0,1.4,100.0
2026-09-15 22:27:29,Alface Experimental #01,VEGETATIVO,100.0,SAUDÁVEL,24.5,60.0,22.0,6.0,1.4,100.0
2026-09-15 22:27:30,Alface Experimental #01,VEGETATIVO,100.0,SAUDÁVEL,24.5,60.0,22.0,6.0,1.4,100.0
2026-09-15 22:27:31,Alface Experimental #01,VEGETATIVO,100.0,SAUDÁVEL,24.5,60.0,22.0,6.0,1.4,100.0
2026-09-15 22:27:32,Alface Experimental #01,VEGETATIVO,100.0,SAUDÁVEL,24.5,60.0,22.0,6.0,1.4,100.0
2026-09-15 22:27:33,Alface Experimental #01,VEGETATIVO,100.0,SAUDÁVEL,24.5,60.0,22.0,6.0,1.4,100.0
2026-09-15 22:27:35,Alface Experimental #01,VEGETATIVO,100.0,SAUDÁVEL,24.5,60.0,22.0,6.0,1.4,100.0
2026-09-15 22:27:36,Alface Experimental #01,VEGETATIVO,100.0,SAUDÁVEL,24.5,60.0,22.0,6.0,1.4,100.0
2026-09-15 22:27:37,Alface Experimental #01,VEGETATIVO,100.0,SAUDÁVEL,24.5,60.0,22.0,6.0,1.4,100.0
2026-09-15 22:27:38,Alface Experimental #01,VEGETATIVO,100.0,SAUDÁVEL,24.5,60.0,22.0,6.0,1.4,100.0
2026-09-15 22:27:39,Alface Experimental #01,VEGETATIVO,100.0,SAUDÁVEL,24.5,60.0,22.0,6.0,1.4,100.0
2026-09-15 22:27:40,Alface Experimental #01,VEGETATIVO,100.0,SAUDÁVEL,24.5,60.0,22.0,6.0,1.4,100.0
2026-09-15 22:27:42,Alface Experimental #01,VEGETATIVO,100.0,SAUDÁVEL,24.5,60.0,22.0,6.0,1.4,100.0
2026-09-15 22:27:43,Alface Experimental #01,VEGETATIVO,100.0,SAUDÁVEL,24.5,60.0,22.0,6.0,1.4,100.0
2026-09-15 22:27:44,Alface Experimental #01,VEGETATIVO,100.0,SAUDÁVEL,24.5,60.0,22.0,6.0,1.4,100.0
2026-09-15 22:27:45,Alface Experimental #01,VEGETATIVO,100.0,SAUDÁVEL,24.5,60.0,22.0,6.0,1.4,100.0
2026-09-15 22:27:46,Alface Experimental #01,VEGETATIVO,100.0,SAUDÁVEL,24.5,60.0,22.0,6.0,1.4,100.0
2026-09-15 22:27:47,Alface Experimental #01,VEGETATIVO,100.0,SAUDÁVEL,24.5,60.0,22.0,6.0,1.4,100.0
2026-09-15 22:27:48,Alface Experimental #01,VEGETATIVO,100.0,SAUDÁVEL,24.5,60.0,22.0,6.0,1.4,100.0
2026-09-15 22:27:50,Alface Experimental #01,VEGETATIVO,100.0,SAUDÁVEL,24.5,60.0,22.0,6.0,1.4,100.0
2026-09-15 22:27:51,Alface Experimental #01,VEGETATIVO,100.0,SAUDÁVEL,24.5,60.0,22.0,6.0,1.4,100.0
2026-09-15 22:27:52,Alface Experimental #01,VEGETATIVO,100.0,SAUDÁVEL,24.5,60.0,22.0,6.0,1.4,100.0
2026-09-15 22:27:53,Alface Experimental #01,VEGETATIVO,100.0,SAUDÁVEL,24.5,60.0,22.0,6.0,1.4,100.0
2026-09-15 22:27:54,Alface Experimental #01,VEGETATIVO,100.0,SAUDÁVEL,24.5,60.0,22.0,6.0,1.4,100.0
2026-09-15 22:27:55,Alface Experimental #01,VEGETATIVO,100.0,SAUDÁVEL,24.5,60.0,22.0,6.0,1.4,100.0
2026-09-15 22:27:57,Alface Experimental #01,VEGETATIVO,100.0,SAUDÁVEL,24.5,60.0,22.0,6.0,1.4,100.0
2026-09-15 22:27:58,Alface Experimental #01,VEGETATIVO,100.0,SAUDÁVEL,24.5,60.0,22.0,6.0,1.4,100.0
2026-09-15 22:27:59,Alface Experimental #01,VEGETATIVO,100.0,SAUDÁVEL,24.5,60.0,22.0,6.0,1.4,100.0
2026-09-15 22:28:00,Alface Experimental #01,VEGETATIVO,100.0,SAUDÁVEL,24.5,60.0,22.0,6.0,1.4,100.0
2026-09-15 22:28:01,Alface Experimental #01,VEGETATIVO,100.0,SAUDÁVEL,24.5,60.0,22.0,6.0,1.4,100.0
2026-09-15 22:28:01,Alface Experimental #01,VEGETATIVO,100.0,SAUDÁVEL,24.5,60.0,22.0,6.0,1.4,100.0
2026-09-15 22:28:02,Alface Experimental #01,VEGETATIVO,100.0,SAUDÁVEL,24.5,60.0,22.0,6.0,1.4,100.0
2026-09-15 22:28:03,Alface Experimental #01,VEGETATIVO,100.0,SAUDÁVEL,24.5,60.0,22.0,6.0,1.4,100.0
2026-09-15 22:28:05,Alface Experimental #01,VEGETATIVO,100.0,SAUDÁVEL,24.5,60.0,22.0,6.0,1.4,100.0
2026-09-15 22:28:06,Alface Experimental #01,VEGETATIVO,100.0,SAUDÁVEL,24.5,60.0,22.0,6.0,1.4,100.0
2026-09-15 22:28:07,Alface Experimental #01,VEGETATIVO,100.0,SAUDÁVEL,24.5,60.0,22.0,6.0,1.4,100.0
2026-09-15 22:28:08,Alface Experimental #01,VEGETATIVO,100.0,SAUDÁVEL,24.5,60.0,22.0,6.0,1.4,100.0
2026-09-15 22:28:09,Alface Experimental #01,VEGETATIVO,100.0,SAUDÁVEL,24.5,60.0,22.0,6.0,1.4,100.0
2026-09-15 22:28:10,Alface Experimental #01,VEGETATIVO,100.0,SAUDÁVEL,24.5,60.0,22.0,6.0,1.4,100.0
2026-09-15 22:28:12,Alface Experimental #01,VEGETATIVO,100.0,SAUDÁVEL,24.5,60.0,22.0,6.0,1.4,100.0
2026-09-15 22:28:13,Alface Experimental #01,VEGETATIVO,100.0,SAUDÁVEL,24.5,60.0,22.0,6.0,1.4,100.0
2026-09-15 22:28:14,Alface Experimental #01,VEGETATIVO,100.0,SAUDÁVEL,24.5,60.0,22.0,6.0,1.4,100.0
2026-09-15 22:28:15,Alface Experimental #01,VEGETATIVO,100.0,SAUDÁVEL,24.5,60.0,22.0,6.0,1.4,100.0
2026-09-15 22:28:16,Alface Experimental #01,VEGETATIVO,100.0,SAUDÁVEL,24.5,60.0,22.0,6.0,1.4,100.0
2026-09-15 22:28:17,Alface Experimental #01,VEGETATIVO,100.0,SAUDÁVEL,24.5,60.0,22.0,6.0,1.4,100.0
2026-09-15 22:30:13,Alface Experimental #01,VEGETATIVO,100.0,SAUDÁVEL,24.5,60.0,22.0,6.0,1.4,100.0
2026-09-15 22:30:14,Alface Experimental #01,VEGETATIVO,100.0,SAUDÁVEL,24.5,60.0,22.0,6.0,1.4,100.0
2026-09-15 22:30:15,Alface Experimental #01,VEGETATIVO,100.0,SAUDÁVEL,24.5,60.0,22.0,6.0,1.4,100.0
2026-09-15 22:30:16,Alface Experimental #01,VEGETATIVO,100.0,SAUDÁVEL,24.5,60.0,22.0,6.0,1.4,100.0
2026-09-15 22:30:18,Alface Experimental #01,VEGETATIVO,100.0,SAUDÁVEL,24.5,60.0,22.0,6.0,1.4,100.0
2026-09-15 22:30:19,Alface Experimental #01,VEGETATIVO,100.0,SAUDÁVEL,24.5,60.0,22.0,6.0,1.4,100.0
2026-09-15 22:30:20,Alface Experimental #01,VEGETATIVO,100.0,SAUDÁVEL,24.5,60.0,22.0,6.0,1.4,100.0
2026-09-15 22:30:20,Alface Experimental #01,VEGETATIVO,100.0,SAUDÁVEL,24.5,26.0,22.0,6.0,1.4,100.0
2026-09-15 22:30:21,Alface Experimental #01,VEGETATIVO,100.0,SAUDÁVEL,24.5,16.0,22.0,6.0,1.4,100.0
2026-09-15 22:30:21,Alface Experimental #01,VEGETATIVO,100.0,SAUDÁVEL,24.5,16.0,22.0,6.0,1.4,100.0
2026-09-15 22:30:21,Alface Experimental #01,VEGETATIVO,100.0,SAUDÁVEL,24.5,15.0,22.0,6.0,1.4,100.0
2026-09-15 22:30:22,Alface Experimental #01,VEGETATIVO,100.0,SAUDÁVEL,24.5,13.0,22.0,6.0,1.4,100.0
2026-09-15 22:30:22,Alface Experimental #01,VEGETATIVO,100.0,SAUDÁVEL,24.5,12.0,22.0,6.0,1.4,100.0
2026-09-15 22:30:22,Alface Experimental #01,VEGETATIVO,100.0,SAUDÁVEL,24.5,7.0,22.0,6.0,1.4,100.0
2026-09-15 22:30:22,Alface Experimental #01,VEGETATIVO,100.0,SAUDÁVEL,24.5,7.0,22.0,6.0,1.4,100.0
2026-09-15 22:30:22,Alface Experimental #01,VEGETATIVO,100.0,SAUDÁVEL,24.5,4.0,22.0,6.0,1.4,100.0
2026-09-15 22:30:23,Alface Experimental #01,VEGETATIVO,100.0,SAUDÁVEL,24.5,4.0,22.0,6.0,1.4,100.0
2026-09-15 22:30:24,Alface Experimental #01,VEGETATIVO,99.9,SAUDÁVEL,14.8,4.0,22.0,6.0,1.4,100.0
2026-09-15 22:30:24,Alface Experimental #01,VEGETATIVO,99.8,SAUDÁVEL,14.2,4.0,22.0,6.0,1.4,100.0
2026-09-15 22:30:24,Alface Experimental #01,VEGETATIVO,99.6,SAUDÁVEL,10.3,4.0,22.0,6.0,1.4,100.0
2026-09-15 22:30:24,Alface Experimental #01,VEGETATIVO,99.5,SAUDÁVEL,10.3,4.0,22.0,6.0,1.4,100.0
2026-09-15 22:30:25,Alface Experimental #01,VEGETATIVO,99.4,SAUDÁVEL,10.3,4.0,22.0,6.0,1.4,100.0
2026-09-15 22:30:25,Alface Experimental #01,VEGETATIVO,99.3,SAUDÁVEL,10.0,4.0,22.0,6.0,1.4,100.0
2026-09-15 22:30:26,Alface Experimental #01,VEGETATIVO,99.2,SAUDÁVEL,10.0,4.0,22.0,6.0,1.4,100.0
2026-09-15 22:30:26,Alface Experimental #01,VEGETATIVO,99.0,SAUDÁVEL,10.0,4.0,22.0,6.0,1.4,100.0
2026-09-15 22:30:26,Alface Experimental #01,VEGETATIVO,98.9,SAUDÁVEL,10.0,4.0,22.0,6.0,1.4,100.0
2026-09-15 22:30:27,Alface Experimental #01,VEGETATIVO,98.8,SAUDÁVEL,10.0,6.0,22.0,6.0,1.4,100.0
2026-09-15 22:30:27,Alface Experimental #01,VEGETATIVO,98.7,SAUDÁVEL,10.0,6.0,22.0,6.0,1.4,100.0
2026-09-15 22:30:27,Alface Experimental #01,VEGETATIVO,98.6,SAUDÁVEL,10.0,6.0,22.0,6.0,1.4,100.0
2026-09-15 22:30:27,Alface Experimental #01,VEGETATIVO,98.4,SAUDÁVEL,10.0,5.0,22.0,6.0,1.4,100.0
2026-09-15 22:30:28,Alface Experimental #01,VEGETATIVO,98.3,SAUDÁVEL,10.0,5.0,22.0,6.0,1.4,100.0
2026-09-15 22:30:29,Alface Experimental #01,VEGETATIVO,98.2,SAUDÁVEL,10.0,5.0,22.0,6.0,1.4,100.0
2026-09-15 22:30:29,Alface Experimental #01,VEGETATIVO,98.1,SAUDÁVEL,10.0,5.0,21.450000000000003,6.0,1.4,100.0
2026-09-15 22:30:30,Alface Experimental #01,VEGETATIVO,98.0,SAUDÁVEL,10.0,5.0,21.1,6.0,1.4,100.0
2026-09-15 22:30:30,Alface Experimental #01,VEGETATIVO,97.6,SAUDÁVEL,10.0,5.0,15.150000000000002,6.0,1.4,100.0
2026-09-15 22:30:30,Alface Experimental #01,VEGETATIVO,97.2,SAUDÁVEL,10.0,5.0,12.0,6.0,1.4,100.0
2026-09-15 22:30:30,Alface Experimental #01,VEGETATIVO,96.9,SAUDÁVEL,10.0,5.0,9.900000000000002,6.0,1.4,100.0
2026-09-15 22:30:30,Alface Experimental #01,VEGETATIVO,96.5,SAUDÁVEL,10.0,5.0,8.150000000000002,6.0,1.4,100.0
2026-09-15 22:30:30,Alface Experimental #01,VEGETATIVO,96.2,SAUDÁVEL,10.0,5.0,7.100000000000001,6.0,1.4,100.0
2026-09-15 22:30:31,Alface Experimental #01,VEGETATIVO,95.8,SAUDÁVEL,10.0,5.0,7.100000000000001,6.0,1.4,100.0
2026-09-15 22:30:31,Alface Experimental #01,VEGETATIVO,95.4,SAUDÁVEL,10.0,5.0,6.400000000000006,6.0,1.4,100.0
2026-09-15 22:30:31,Alface Experimental #01,VEGETATIVO,95.1,SAUDÁVEL,10.0,5.0,6.050000000000004,6.0,1.4,100.0
2026-09-15 22:30:31,Alface Experimental #01,VEGETATIVO,94.7,SAUDÁVEL,10.0,5.0,6.050000000000004,6.0,1.4,100.0
2026-09-15 22:30:32,Alface Experimental #01,VEGETATIVO,94.4,SAUDÁVEL,10.0,5.0,6.050000000000004,6.0,1.4,100.0
2026-09-15 22:30:32,Alface Experimental #01,VEGETATIVO,93.8,SAUDÁVEL,10.0,5.0,6.050000000000004,4.3999999999999995,1.4,100.0
2026-09-15 22:30:33,Alface Experimental #01,VEGETATIVO,93.3,SAUDÁVEL,10.0,5.0,6.050000000000004,4.3999999999999995,1.4,100.0
2026-09-15 22:30:33,Alface Experimental #01,VEGETATIVO,92.8,SAUDÁVEL,10.0,5.0,6.050000000000004,3.4000000000000004,1.4,100.0
2026-09-15 22:30:33,Alface Experimental #01,VEGETATIVO,92.3,SAUDÁVEL,10.0,5.0,6.050000000000004,2.5999999999999996,1.4,100.0
2026-09-15 22:30:33,Alface Experimental #01,VEGETATIVO,91.8,SAUDÁVEL,10.0,5.0,6.050000000000004,2.5999999999999996,1.4,100.0
2026-09-15 22:30:33,Alface Experimental #01,VEGETATIVO,91.3,SAUDÁVEL,10.0,5.0,6.050000000000004,2.0999999999999996,1.4,100.0
2026-09-15 22:30:33,Alface Experimental #01,VEGETATIVO,90.8,SAUDÁVEL,10.0,5.0,6.050000000000004,2.0,1.4,100.0
2026-09-15 22:30:33,Alface Experimental #01,VEGETATIVO,90.3,SAUDÁVEL,10.0,5.0,6.050000000000004,2.0,1.4,100.0
2026-09-15 22:30:34,Alface Experimental #01,VEGETATIVO,89.8,SAUDÁVEL,10.0,5.0,6.050000000000004,2.0,1.4,100.0
2026-09-15 22:30:35,Alface Experimental #01,VEGETATIVO,89.3,SAUDÁVEL,10.0,5.0,6.050000000000004,2.0,1.4,100.0
2026-09-15 22:30:35,Alface Experimental #01,VEGETATIVO,88.6,SAUDÁVEL,10.0,5.0,6.050000000000004,2.0,0.8399999999999999,100.0
2026-09-15 22:30:36,Alface Experimental #01,VEGETATIVO,87.9,SAUDÁVEL,10.0,5.0,6.050000000000004,2.0,0.1200000000000001,100.0
2026-09-15 22:30:36,Alface Experimental #01,VEGETATIVO,87.3,SAUDÁVEL,10.0,5.0,6.050000000000004,2.0,0.0,100.0
2026-09-15 22:30:36,Alface Experimental #01,VEGETATIVO,86.6,SAUDÁVEL,10.0,5.0,6.050000000000004,2.0,0.0,100.0
2026-09-15 22:30:37,Alface Experimental #01,VEGETATIVO,86.0,SAUDÁVEL,10.0,5.0,6.050000000000004,2.0,0.0,25.0
2026-09-15 22:30:37,Alface Experimental #01,VEGETATIVO,85.3,SAUDÁVEL,10.0,5.0,6.050000000000004,2.0,0.0,24.0
2026-09-15 22:30:37,Alface Experimental #01,VEGETATIVO,84.6,BOA,10.0,5.0,6.050000000000004,2.0,0.0,21.0
2026-09-15 22:30:37,Alface Experimental #01,VEGETATIVO,83.8,BOA,10.0,5.0,6.050000000000004,2.0,0.0,19.0
2026-09-15 22:30:37,Alface Experimental #01,VEGETATIVO,83.0,BOA,10.0,5.0,6.050000000000004,2.0,0.0,5.0
2026-09-15 22:30:38,Alface Experimental #01,VEGETATIVO,82.2,BOA,10.0,5.0,6.050000000000004,2.0,0.0,1.0
2026-09-15 22:30:38,Alface Experimental #01,VEGETATIVO,81.4,BOA,10.0,5.0,6.050000000000004,2.0,0.0,1.0
2026-09-15 22:30:38,Alface Experimental #01,VEGETATIVO,80.6,BOA,10.0,5.0,6.050000000000004,2.0,0.0,1.0
2026-09-15 22:30:39,Alface Experimental #01,VEGETATIVO,79.8,BOA,10.0,5.0,6.050000000000004,2.0,0.0,1.0
2026-09-15 22:30:39,Alface Experimental #01,VEGETATIVO,79.0,BOA,10.0,5.0,6.050000000000004,2.0,0.0,1.0
2026-09-15 22:30:39,Alface Experimental #01,VEGETATIVO,78.2,BOA,10.0,5.0,6.050000000000004,2.0,0.0,3.0
2026-09-15 22:30:39,Alface Experimental #01,VEGETATIVO,77.3,BOA,10.0,5.0,6.050000000000004,2.0,0.0,16.0
2026-09-15 22:30:39,Alface Experimental #01,VEGETATIVO,76.7,BOA,10.0,5.0,6.050000000000004,2.0,0.0,23.0
2026-09-15 22:30:40,Alface Experimental #01,VEGETATIVO,76.0,BOA,10.0,5.0,6.050000000000004,2.0,0.0,25.0
2026-09-15 22:30:40,Alface Experimental #01,VEGETATIVO,75.4,BOA,10.0,5.0,6.050000000000004,2.0,0.0,25.0
2026-09-15 22:30:40,Alface Experimental #01,VEGETATIVO,74.7,BOA,10.0,5.0,6.050000000000004,2.0,0.0,25.0
2026-09-15 22:30:40,Alface Experimental #01,VEGETATIVO,74.0,BOA,10.0,5.0,6.050000000000004,2.0,0.0,25.0
2026-09-15 22:30:40,Alface Experimental #01,VEGETATIVO,73.4,BOA,10.0,5.0,6.050000000000004,2.0,0.0,25.0
2026-09-15 22:30:41,Alface Experimental #01,VEGETATIVO,72.7,BOA,10.0,5.0,6.050000000000004,2.0,0.0,25.0
2026-09-15 22:30:41,Alface Experimental #01,VEGETATIVO,72.1,BOA,10.0,5.0,6.050000000000004,2.0,0.0,24.0
2026-09-15 22:30:41,Alface Experimental #01,VEGETATIVO,71.3,BOA,10.0,5.0,6.050000000000004,2.0,0.0,19.0
2026-09-15 22:30:41,Alface Experimental #01,VEGETATIVO,70.4,BOA,10.0,5.0,6.050000000000004,2.0,0.0,15.0
2026-09-15 22:30:41,Alface Experimental #01,VEGETATIVO,69.6,BOA,10.0,5.0,6.050000000000004,2.0,0.0,15.0
2026-09-15 22:30:41,Alface Experimental #01,VEGETATIVO,68.8,BOA,10.0,5.0,6.050000000000004,2.0,0.0,13.0
2026-09-15 22:30:41,Alface Experimental #01,VEGETATIVO,68.0,BOA,10.0,5.0,6.050000000000004,2.0,0.0,11.0
2026-09-15 22:30:42,Alface Experimental #01,VEGETATIVO,67.2,BOA,10.0,5.0,6.050000000000004,2.0,0.0,6.0
2026-09-15 22:30:42,Alface Experimental #01,VEGETATIVO,66.4,BOA,10.0,5.0,6.050000000000004,2.0,0.0,3.0
2026-09-15 22:30:42,Alface Experimental #01,VEGETATIVO,65.6,BOA,10.0,5.0,6.050000000000004,2.0,0.0,1.0
2026-09-15 22:30:42,Alface Experimental #01,VEGETATIVO,64.3,BOA,10.0,5.0,6.050000000000004,2.0,0.0,0.0
2026-09-15 22:30:42,Alface Experimental #01,VEGETATIVO,63.1,BOA,10.0,5.0,6.050000000000004,2.0,0.0,0.0
2026-09-15 22:30:42,Alface Experimental #01,VEGETATIVO,61.8,BOA,10.0,5.0,6.050000000000004,2.0,0.0,0.0
2026-09-15 22:30:43,Alface Experimental #01,VEGETATIVO,60.5,BOA,10.0,5.0,6.050000000000004,2.0,0.0,0.0
2026-09-15 22:30:43,Alface Experimental #01,VEGETATIVO,59.3,ATENÇÃO,10.0,5.0,6.050000000000004,2.0,0.0,0.0
2026-09-15 22:30:43,Alface Experimental #01,VEGETATIVO,58.0,ATENÇÃO,10.0,5.0,6.050000000000004,2.0,0.0,0.0
2026-09-15 22:30:43,Alface Experimental #01,VEGETATIVO,56.8,ATENÇÃO,10.0,5.0,6.050000000000004,2.0,0.0,0.0
2026-09-15 22:30:45,Alface Experimental #01,VEGETATIVO,55.5,ATENÇÃO,10.0,5.0,6.050000000000004,2.0,0.0,0.0
2026-09-15 22:30:46,Alface Experimental #01,VEGETATIVO,54.2,ATENÇÃO,10.0,5.0,6.050000000000004,2.0,0.0,0.0
2026-09-15 22:30:47,Alface Experimental #01,VEGETATIVO,53.0,ATENÇÃO,10.0,5.0,6.050000000000004,2.0,0.0,0.0
2026-09-15 22:30:48,Alface Experimental #01,VEGETATIVO,51.7,ATENÇÃO,10.0,5.0,6.050000000000004,2.0,0.0,0.0
2026-09-15 22:30:48,Alface Experimental #01,VEGETATIVO,50.5,ATENÇÃO,10.0,8.0,6.050000000000004,2.0,0.0,0.0
2026-09-15 22:30:48,Alface Experimental #01,VEGETATIVO,49.2,ATENÇÃO,10.0,5.0,6.050000000000004,2.0,0.0,0.0
2026-09-15 22:30:48,Alface Experimental #01,VEGETATIVO,47.9,ATENÇÃO,10.0,0.0,6.050000000000004,2.0,0.0,0.0
2026-09-15 22:30:49,Alface Experimental #01,VEGETATIVO,46.7,ATENÇÃO,10.0,0.0,6.050000000000004,2.0,0.0,0.0
2026-09-15 22:30:49,Alface Experimental #01,VEGETATIVO,45.4,ATENÇÃO,10.0,0.0,6.050000000000004,2.0,0.0,0.0
2026-09-15 22:30:50,Alface Experimental #01,VEGETATIVO,44.2,ATENÇÃO,10.0,0.0,6.050000000000004,2.0,0.0,0.0
2026-09-15 22:30:51,Alface Experimental #01,VEGETATIVO,42.9,ATENÇÃO,10.0,0.0,6.75,2.0,0.0,0.0
2026-09-15 22:30:51,Alface Experimental #01,VEGETATIVO,41.6,ATENÇÃO,10.0,0.0,6.75,2.0,0.0,0.0
2026-09-15 22:30:51,Alface Experimental #01,VEGETATIVO,40.4,ATENÇÃO,10.0,0.0,6.400000000000006,2.0,0.0,0.0
2026-09-15 22:30:51,Alface Experimental #01,VEGETATIVO,39.1,ATENÇÃO,10.0,0.0,5.0,2.0,0.0,0.0
2026-09-15 22:30:51,Alface Experimental #01,VEGETATIVO,37.9,ATENÇÃO,10.0,0.0,5.0,2.0,0.0,0.0
2026-09-15 22:30:51,Alface Experimental #01,VEGETATIVO,36.6,ATENÇÃO,10.0,0.0,5.0,2.0,0.0,0.0
2026-09-15 22:30:51,Alface Experimental #01,VEGETATIVO,35.3,ATENÇÃO,10.0,0.0,5.0,2.0,0.0,0.0
2026-09-15 22:30:52,Alface Experimental #01,VEGETATIVO,34.1,ATENÇÃO,10.0,0.0,5.0,2.0,0.0,0.0
2026-09-15 22:30:53,Alface Experimental #01,VEGETATIVO,32.8,ATENÇÃO,10.0,0.0,5.0,2.0,0.0,0.0
2026-09-15 22:30:54,Alface Experimental #01,VEGETATIVO,31.6,ATENÇÃO,10.0,0.0,5.0,2.0,0.0,0.0
2026-09-15 22:30:55,Alface Experimental #01,VEGETATIVO,30.3,ATENÇÃO,10.0,0.0,5.0,2.0,0.0,0.0
2026-09-15 22:30:56,Alface Experimental #01,VEGETATIVO,29.0,ATENÇÃO,10.0,0.0,5.0,2.0,0.0,0.0
2026-09-15 22:30:57,Alface Experimental #01,VEGETATIVO,27.8,ATENÇÃO,10.0,0.0,5.0,2.0,0.0,0.0
2026-09-15 22:30:59,Alface Experimental #01,VEGETATIVO,26.5,ATENÇÃO,10.0,0.0,5.0,2.0,0.0,0.0
2026-09-15 22:31:00,Alface Experimental #01,VEGETATIVO,25.3,ATENÇÃO,10.0,0.0,5.0,2.0,0.0,0.0
2026-09-15 22:31:01,Alface Experimental #01,VEGETATIVO,24.0,CRÍTICO,10.0,0.0,5.0,2.0,0.0,0.0
2026-09-15 22:31:02,Alface Experimental #01,VEGETATIVO,22.7,CRÍTICO,10.0,0.0,5.0,2.0,0.0,0.0
2026-09-15 22:31:03,Alface Experimental #01,VEGETATIVO,21.5,CRÍTICO,10.0,0.0,5.0,2.0,0.0,0.0
2026-09-15 22:31:04,Alface Experimental #01,VEGETATIVO,20.2,CRÍTICO,10.0,0.0,5.0,2.0,0.0,0.0
2026-09-15 22:31:05,Alface Experimental #01,VEGETATIVO,19.0,CRÍTICO,10.0,0.0,5.0,2.0,0.0,0.0
2026-09-15 22:31:07,Alface Experimental #01,VEGETATIVO,17.7,CRÍTICO,10.0,0.0,5.0,2.0,0.0,0.0
2026-09-15 22:31:07,Alface Experimental #01,VEGETATIVO,16.4,CRÍTICO,10.900000000000002,0.0,5.0,2.0,0.0,0.0
2026-09-15 22:31:07,Alface Experimental #01,VEGETATIVO,15.2,CRÍTICO,10.900000000000002,0.0,5.0,2.0,0.0,0.0
2026-09-15 22:31:07,Alface Experimental #01,VEGETATIVO,13.9,CRÍTICO,16.6,0.0,5.0,2.0,0.0,0.0
2026-09-15 22:31:07,Alface Experimental #01,VEGETATIVO,12.8,CRÍTICO,20.8,0.0,5.0,2.0,0.0,0.0
2026-09-15 22:31:07,Alface Experimental #01,VEGETATIVO,11.6,CRÍTICO,25.6,0.0,5.0,2.0,0.0,0.0
2026-09-15 22:31:08,Alface Experimental #01,VEGETATIVO,10.4,CRÍTICO,28.0,0.0,5.0,2.0,0.0,0.0
2026-09-15 22:31:08,Alface Experimental #01,VEGETATIVO,9.1,CRÍTICO,32.8,0.0,5.0,2.0,0.0,0.0
2026-09-15 22:31:08,Alface Experimental #01,VEGETATIVO,7.9,CRÍTICO,32.8,0.0,5.0,2.0,0.0,0.0
2026-09-15 22:31:08,Alface Experimental #01,VEGETATIVO,6.6,CRÍTICO,38.2,0.0,5.0,2.0,0.0,0.0
2026-09-15 22:31:09,Alface Experimental #01,VEGETATIVO,5.3,CRÍTICO,38.2,0.0,5.0,2.0,0.0,0.0
2026-09-15 22:31:10,Alface Experimental #01,VEGETATIVO,4.1,CRÍTICO,38.2,0.0,5.0,2.0,0.0,0.0
2026-09-15 22:31:11,Alface Experimental #01,VEGETATIVO,2.8,CRÍTICO,38.2,0.0,5.0,2.0,0.0,0.0
2026-09-15 22:31:12,Alface Experimental #01,VEGETATIVO,1.6,CRÍTICO,38.2,0.0,5.0,2.0,0.0,0.0
2026-09-15 22:31:13,Alface Experimental #01,VEGETATIVO,0.3,CRÍTICO,38.2,3.0,5.0,2.0,0.0,0.0
2026-09-15 22:31:14,Alface Experimental #01,VEGETATIVO,0.0,PLANTA MORTA,38.2,11.0,5.0,2.0,0.0,0.0
2026-09-15 22:31:14,Alface Experimental #01,VEGETATIVO,0.0,PLANTA MORTA,38.2,11.0,5.0,2.0,0.0,0.0
2026-09-15 22:31:14,Alface Experimental #01,VEGETATIVO,0.0,PLANTA MORTA,38.2,100.0,5.0,2.0,0.0,0.0
2026-09-15 22:31:14,Alface Experimental #01,VEGETATIVO,0.0,PLANTA MORTA,38.2,100.0,5.0,2.0,0.0,0.0
2026-09-15 22:31:15,Alface Experimental #01,VEGETATIVO,0.0,PLANTA MORTA,38.2,100.0,5.0,2.0,0.0,0.0
2026-09-15 22:31:16,Alface Experimental #01,VEGETATIVO,0.0,PLANTA MORTA,38.2,100.0,5.0,2.0,0.0,0.0
2026-09-15 22:31:17,Alface Experimental #01,VEGETATIVO,0.0,PLANTA MORTA,38.2,100.0,5.350000000000001,2.0,0.0,0.0
2026-09-15 22:31:17,Alface Experimental #01,VEGETATIVO,0.0,PLANTA MORTA,38.2,100.0,5.350000000000001,2.0,0.0,0.0
2026-09-15 22:31:17,Alface Experimental #01,VEGETATIVO,0.0,PLANTA MORTA,38.2,100.0,21.450000000000003,2.0,0.0,0.0
2026-09-15 22:31:17,Alface Experimental #01,VEGETATIVO,0.0,PLANTA MORTA,38.2,100.0,40.0,2.0,0.0,0.0
2026-09-15 22:31:17,Alface Experimental #01,VEGETATIVO,0.0,PLANTA MORTA,38.2,100.0,40.0,2.0,0.0,0.0
2026-09-15 22:31:17,Alface Experimental #01,VEGETATIVO,0.0,PLANTA MORTA,38.2,100.0,40.0,2.0,0.0,0.0
2026-09-15 22:31:18,Alface Experimental #01,VEGETATIVO,0.0,PLANTA MORTA,38.2,100.0,40.0,2.0,0.0,0.0
2026-09-15 22:31:19,Alface Experimental #01,VEGETATIVO,0.0,PLANTA MORTA,38.2,100.0,40.0,2.1999999999999993,0.0,0.0
2026-09-15 22:31:19,Alface Experimental #01,VEGETATIVO,0.0,PLANTA MORTA,38.2,100.0,40.0,2.6999999999999993,0.0,0.0
2026-09-15 22:31:19,Alface Experimental #01,VEGETATIVO,0.0,PLANTA MORTA,38.2,100.0,40.0,10.5,0.0,0.0
2026-09-15 22:31:19,Alface Experimental #01,VEGETATIVO,0.0,PLANTA MORTA,38.2,100.0,40.0,12.0,0.0,0.0
2026-09-15 22:31:20,Alface Experimental #01,VEGETATIVO,0.0,PLANTA MORTA,38.2,100.0,40.0,12.0,0.0,0.0
2026-09-15 22:31:21,Alface Experimental #01,VEGETATIVO,0.0,PLANTA MORTA,38.2,100.0,40.0,12.0,0.0,0.0
2026-09-15 22:31:21,Alface Experimental #01,VEGETATIVO,0.0,PLANTA MORTA,38.2,100.0,40.0,12.0,0.06000000000000005,0.0
2026-09-15 22:31:22,Alface Experimental #01,VEGETATIVO,0.0,PLANTA MORTA,38.2,100.0,40.0,12.0,0.06000000000000005,0.0
2026-09-15 22:31:22,Alface Experimental #01,VEGETATIVO,0.0,PLANTA MORTA,38.2,100.0,40.0,12.0,1.92,0.0
2026-09-15 22:31:22,Alface Experimental #01,VEGETATIVO,0.0,PLANTA MORTA,38.2,100.0,40.0,12.0,1.92,0.0
2026-09-15 22:31:22,Alface Experimental #01,VEGETATIVO,0.0,PLANTA MORTA,38.2,100.0,40.0,12.0,3.0,0.0
2026-09-15 22:31:23,Alface Experimental #01,VEGETATIVO,0.0,PLANTA MORTA,38.2,100.0,40.0,12.0,3.0,0.0
2026-09-15 22:31:24,Alface Experimental #01,VEGETATIVO,0.0,PLANTA MORTA,38.2,100.0,40.0,12.0,3.0,2.0
2026-09-15 22:31:24,Alface Experimental #01,VEGETATIVO,0.0,PLANTA MORTA,38.2,100.0,40.0,12.0,3.0,3.0
2026-09-15 22:31:24,Alface Experimental #01,VEGETATIVO,0.0,PLANTA MORTA,38.2,100.0,40.0,12.0,3.0,3.0
2026-09-15 22:31:24,Alface Experimental #01,VEGETATIVO,0.0,PLANTA MORTA,38.2,100.0,40.0,12.0,3.0,63.0
2026-09-15 22:31:24,Alface Experimental #01,VEGETATIVO,0.0,PLANTA MORTA,38.2,100.0,40.0,12.0,3.0,100.0
2026-09-15 22:31:25,Alface Experimental #01,VEGETATIVO,0.0,PLANTA MORTA,38.2,100.0,40.0,12.0,3.0,100.0
2026-09-15 22:31:25,Alface Experimental #01,VEGETATIVO,0.0,PLANTA MORTA,38.2,100.0,40.0,12.0,3.0,100.0
2026-09-15 22:31:25,Alface Experimental #01,VEGETATIVO,0.0,PLANTA MORTA,38.2,100.0,40.0,12.0,3.0,100.0
2026-09-15 22:31:25,Alface Experimental #01,VEGETATIVO,0.0,PLANTA MORTA,38.2,100.0,40.0,12.0,3.0,35.0
2026-09-15 22:31:26,Alface Experimental #01,VEGETATIVO,0.0,PLANTA MORTA,38.2,100.0,40.0,12.0,3.0,11.0
2026-09-15 22:31:26,Alface Experimental #01,VEGETATIVO,0.0,PLANTA MORTA,38.2,100.0,40.0,12.0,3.0,5.0
2026-09-15 22:31:26,Alface Experimental #01,VEGETATIVO,0.0,PLANTA MORTA,38.2,100.0,40.0,12.0,3.0,2.0
2026-09-15 22:31:26,Alface Experimental #01,VEGETATIVO,0.0,PLANTA MORTA,38.2,100.0,40.0,12.0,3.0,2.0
2026-09-15 22:31:26,Alface Experimental #01,VEGETATIVO,0.0,PLANTA MORTA,38.2,100.0,40.0,12.0,3.0,2.0
2026-09-15 22:31:28,Alface Experimental #01,VEGETATIVO,0.0,PLANTA MORTA,38.2,100.0,40.0,12.0,3.0,2.0
2026-09-15 22:31:29,Alface Experimental #01,VEGETATIVO,0.0,PLANTA MORTA,38.2,100.0,40.0,12.0,3.0,2.0
2026-09-15 22:31:30,Alface Experimental #01,VEGETATIVO,0.0,PLANTA MORTA,38.2,100.0,40.0,12.0,2.97,2.0
2026-09-15 22:31:30,Alface Experimental #01,VEGETATIVO,0.0,PLANTA MORTA,38.2,100.0,40.0,12.0,2.97,2.0
2026-09-15 22:31:30,Alface Experimental #01,VEGETATIVO,0.0,PLANTA MORTA,38.2,100.0,40.0,12.0,1.8,2.0
2026-09-15 22:31:30,Alface Experimental #01,VEGETATIVO,0.0,PLANTA MORTA,38.2,100.0,40.0,12.0,0.96,2.0
2026-09-15 22:31:30,Alface Experimental #01,VEGETATIVO,0.0,PLANTA MORTA,38.2,100.0,40.0,12.0,0.20999999999999996,2.0
2026-09-15 22:31:31,Alface Experimental #01,VEGETATIVO,0.0,PLANTA MORTA,38.2,100.0,40.0,12.0,0.0900000000000003,2.0
2026-09-15 22:31:31,Alface Experimental #01,VEGETATIVO,0.0,PLANTA MORTA,38.2,100.0,40.0,12.0,0.06000000000000005,2.0
2026-09-15 22:31:31,Alface Experimental #01,VEGETATIVO,0.0,PLANTA MORTA,38.2,100.0,40.0,12.0,0.06000000000000005,2.0
2026-09-15 22:31:31,Alface Experimental #01,VEGETATIVO,0.0,PLANTA MORTA,38.2,100.0,40.0,12.0,0.06000000000000005,2.0
2026-09-15 22:31:32,Alface Experimental #01,VEGETATIVO,0.0,PLANTA MORTA,38.2,100.0,40.0,12.0,0.0,2.0
2026-09-15 22:31:32,Alface Experimental #01,VEGETATIVO,0.0,PLANTA MORTA,38.2,100.0,40.0,12.0,0.0,2.0
2026-09-15 22:31:32,Alface Experimental #01,VEGETATIVO,0.0,PLANTA MORTA,38.2,100.0,40.0,12.0,0.0,2.0
2026-09-15 22:31:32,Alface Experimental #01,VEGETATIVO,0.0,PLANTA MORTA,38.2,100.0,40.0,12.0,0.0,2.0
2026-09-15 22:31:33,Alface Experimental #01,VEGETATIVO,0.0,PLANTA MORTA,38.2,100.0,40.0,12.0,0.0,2.0
2026-09-15 22:31:34,Alface Experimental #01,VEGETATIVO,0.0,PLANTA MORTA,38.2,100.0,40.0,11.8,0.0,2.0
2026-09-15 22:31:34,Alface Experimental #01,VEGETATIVO,0.0,PLANTA MORTA,38.2,100.0,40.0,11.8,0.0,2.0
2026-09-15 22:31:34,Alface Experimental #01,VEGETATIVO,0.0,PLANTA MORTA,38.2,100.0,40.0,9.5,0.0,2.0
2026-09-15 22:31:35,Alface Experimental #01,VEGETATIVO,0.0,PLANTA MORTA,38.2,100.0,40.0,9.5,0.0,2.0
2026-09-15 22:31:35,Alface Experimental #01,VEGETATIVO,0.0,PLANTA MORTA,38.2,100.0,40.0,4.0,0.0,2.0
2026-09-15 22:31:35,Alface Experimental #01,VEGETATIVO,0.0,PLANTA MORTA,38.2,100.0,40.0,3.1999999999999993,0.0,2.0
2026-09-15 22:31:35,Alface Experimental #01,VEGETATIVO,0.0,PLANTA MORTA,38.2,100.0,40.0,3.0,0.0,2.0
2026-09-15 22:31:35,Alface Experimental #01,VEGETATIVO,0.0,PLANTA MORTA,38.2,100.0,40.0,2.3999999999999986,0.0,2.0
2026-09-15 22:31:35,Alface Experimental #01,VEGETATIVO,0.0,PLANTA MORTA,38.2,100.0,40.0,2.1999999999999993,0.0,2.0
2026-09-15 22:31:35,Alface Experimental #01,VEGETATIVO,0.0,PLANTA MORTA,38.2,100.0,40.0,2.1999999999999993,0.0,2.0
2026-09-15 22:31:36,Alface Experimental #01,VEGETATIVO,0.0,PLANTA MORTA,38.2,100.0,40.0,2.0,0.0,2.0
2026-09-15 22:31:36,Alface Experimental #01,VEGETATIVO,0.0,PLANTA MORTA,38.2,100.0,40.0,2.0,0.0,2.0
2026-09-15 22:31:37,Alface Experimental #01,VEGETATIVO,0.0,PLANTA MORTA,38.2,100.0,40.0,2.0,0.0,2.0
2026-09-15 22:31:38,Alface Experimental #01,VEGETATIVO,0.0,PLANTA MORTA,38.2,100.0,38.6,2.0,0.0,2.0
2026-09-15 22:31:38,Alface Experimental #01,VEGETATIVO,0.0,PLANTA MORTA,38.2,100.0,38.6,2.0,0.0,2.0
2026-09-15 22:31:38,Alface Experimental #01,VEGETATIVO,0.0,PLANTA MORTA,38.2,100.0,38.6,2.0,0.0,2.0
2026-09-15 22:31:38,Alface Experimental #01,VEGETATIVO,0.0,PLANTA MORTA,38.2,100.0,28.8,2.0,0.0,2.0
2026-09-15 22:31:38,Alface Experimental #01,VEGETATIVO,0.0,PLANTA MORTA,38.2,100.0,9.200000000000003,2.0,0.0,2.0
2026-09-15 22:31:39,Alface Experimental #01,VEGETATIVO,0.0,PLANTA MORTA,38.2,100.0,5.350000000000001,2.0,0.0,2.0
2026-09-15 22:31:39,Alface Experimental #01,VEGETATIVO,0.0,PLANTA MORTA,38.2,100.0,5.0,2.0,0.0,2.0
2026-09-15 22:31:39,Alface Experimental #01,VEGETATIVO,0.0,PLANTA MORTA,38.2,100.0,5.0,2.0,0.0,2.0
2026-09-15 22:31:39,Alface Experimental #01,VEGETATIVO,0.0,PLANTA MORTA,38.2,100.0,5.0,2.0,0.0,2.0
2026-09-15 22:31:39,Alface Experimental #01,VEGETATIVO,0.0,PLANTA MORTA,38.2,100.0,5.0,2.0,0.0,2.0
2026-09-15 22:31:40,Alface Experimental #01,VEGETATIVO,0.0,PLANTA MORTA,38.2,100.0,5.0,2.0,0.0,2.0
2026-09-15 22:31:41,Alface Experimental #01,VEGETATIVO,0.0,PLANTA MORTA,38.2,96.0,5.0,2.0,0.0,2.0
2026-09-15 22:31:41,Alface Experimental #01,VEGETATIVO,0.0,PLANTA MORTA,38.2,89.0,5.0,2.0,0.0,2.0
2026-09-15 22:31:41,Alface Experimental #01,VEGETATIVO,0.0,PLANTA MORTA,38.2,50.0,5.0,2.0,0.0,2.0
2026-09-15 22:31:41,Alface Experimental #01,VEGETATIVO,0.0,PLANTA MORTA,38.2,23.0,5.0,2.0,0.0,2.0
2026-09-15 22:31:41,Alface Experimental #01,VEGETATIVO,0.0,PLANTA MORTA,38.2,7.0,5.0,2.0,0.0,2.0
2026-09-15 22:31:42,Alface Experimental #01,VEGETATIVO,0.0,PLANTA MORTA,38.2,0.0,5.0,2.0,0.0,2.0
2026-09-15 22:31:42,Alface Experimental #01,VEGETATIVO,0.0,PLANTA MORTA,38.2,0.0,5.0,2.0,0.0,2.0
2026-09-15 22:31:42,Alface Experimental #01,VEGETATIVO,0.0,PLANTA MORTA,38.2,0.0,5.0,2.0,0.0,2.0
2026-09-15 22:31:43,Alface Experimental #01,VEGETATIVO,0.0,PLANTA MORTA,38.2,0.0,5.0,2.0,0.0,2.0
2026-09-15 22:31:44,Alface Experimental #01,VEGETATIVO,0.0,PLANTA MORTA,38.2,0.0,5.0,2.0,0.0,2.0
2026-09-15 22:31:44,Alface Experimental #01,VEGETATIVO,0.0,PLANTA MORTA,37.6,0.0,5.0,2.0,0.0,2.0
2026-09-15 22:31:45,Alface Experimental #01,VEGETATIVO,0.0,PLANTA MORTA,35.8,0.0,5.0,2.0,0.0,2.0
2026-09-15 22:31:45,Alface Experimental #01,VEGETATIVO,0.0,PLANTA MORTA,11.5,0.0,5.0,2.0,0.0,2.0
2026-09-15 22:31:45,Alface Experimental #01,VEGETATIVO,0.0,PLANTA MORTA,10.0,0.0,5.0,2.0,0.0,2.0
2026-09-15 22:31:45,Alface Experimental #01,VEGETATIVO,0.0,PLANTA MORTA,10.0,0.0,5.0,2.0,0.0,2.0
2026-09-15 22:31:45,Alface Experimental #01,VEGETATIVO,0.0,PLANTA MORTA,10.0,0.0,5.0,2.0,0.0,2.0
2026-09-15 22:31:46,Alface Experimental #01,VEGETATIVO,0.0,PLANTA MORTA,10.0,0.0,5.0,2.0,0.0,2.0
2026-09-15 22:31:47,Alface Experimental #01,VEGETATIVO,0.0,PLANTA MORTA,10.0,0.0,5.0,2.0,0.0,2.0
2026-09-15 22:31:49,Alface Experimental #01,VEGETATIVO,0.0,PLANTA MORTA,10.0,0.0,5.0,2.0,0.0,2.0
2026-09-15 22:31:50,Alface Experimental #01,VEGETATIVO,0.0,PLANTA MORTA,10.0,0.0,5.0,2.0,0.0,2.0
2026-09-15 22:31:51,Alface Experimental #01,VEGETATIVO,0.0,PLANTA MORTA,10.0,0.0,5.0,2.0,0.0,2.0
2026-09-15 22:31:52,Alface Experimental #01,VEGETATIVO,0.0,PLANTA MORTA,10.0,0.0,5.0,2.0,0.0,2.0
2026-09-15 22:31:53,Alface Experimental #01,VEGETATIVO,0.0,PLANTA MORTA,10.0,0.0,5.0,2.0,0.0,2.0
2026-09-15 22:31:54,Alface Experimental #01,VEGETATIVO,0.0,PLANTA MORTA,10.0,0.0,5.0,2.0,0.0,2.0
2026-09-15 22:31:55,Alface Experimental #01,VEGETATIVO,0.0,PLANTA MORTA,10.0,0.0,5.0,2.0,0.0,2.0
2026-09-15 22:31:57,Alface Experimental #01,VEGETATIVO,0.0,PLANTA MORTA,10.0,0.0,5.0,2.0,0.0,2.0
2026-09-15 22:31:58,Alface Experimental #01,VEGETATIVO,0.0,PLANTA MORTA,10.0,0.0,5.0,2.0,0.0,2.0
2026-09-15 22:31:59,Alface Experimental #01,VEGETATIVO,0.0,PLANTA MORTA,10.0,0.0,5.0,2.0,0.0,2.0
2026-09-15 22:32:00,Alface Experimental #01,VEGETATIVO,0.0,PLANTA MORTA,10.0,0.0,5.0,2.0,0.0,2.0
2026-09-15 22:32:01,Alface Experimental #01,VEGETATIVO,0.0,PLANTA MORTA,10.0,0.0,5.0,2.0,0.0,2.0
2026-09-15 22:32:02,Alface Experimental #01,VEGETATIVO,0.0,PLANTA MORTA,10.0,0.0,5.0,2.0,0.0,2.0
2026-09-15 22:32:04,Alface Experimental #01,VEGETATIVO,0.0,PLANTA MORTA,10.0,0.0,5.0,2.0,0.0,2.0
2026-09-15 22:32:05,Alface Experimental #01,VEGETATIVO,0.0,PLANTA MORTA,10.0,0.0,5.0,2.0,0.0,2.0
2026-09-15 22:32:06,Alface Experimental #01,VEGETATIVO,0.0,PLANTA MORTA,10.0,0.0,5.0,2.0,0.0,2.0
2026-09-15 22:32:07,Alface Experimental #01,VEGETATIVO,0.0,PLANTA MORTA,10.0,0.0,5.0,2.0,0.0,2.0
2026-09-15 22:32:08,Alface Experimental #01,VEGETATIVO,0.0,PLANTA MORTA,10.0,0.0,5.0,2.0,0.0,2.0
2026-09-15 22:32:09,Alface Experimental #01,VEGETATIVO,0.0,PLANTA MORTA,10.0,0.0,5.0,2.0,0.0,2.0
2026-09-15 22:32:11,Alface Experimental #01,VEGETATIVO,0.0,PLANTA MORTA,10.0,0.0,5.0,2.0,0.0,2.0
2026-09-15 22:32:12,Alface Experimental #01,VEGETATIVO,0.0,PLANTA MORTA,10.0,0.0,5.0,2.0,0.0,2.0
2026-09-15 22:32:13,Alface Experimental #01,VEGETATIVO,0.0,PLANTA MORTA,10.0,0.0,5.0,2.0,0.0,2.0
2026-09-15 22:32:14,Alface Experimental #01,VEGETATIVO,0.0,PLANTA MORTA,10.0,0.0,5.0,2.0,0.0,2.0
2026-09-15 22:32:15,Alface Experimental #01,VEGETATIVO,0.0,PLANTA MORTA,10.0,0.0,5.0,2.0,0.0,2.0
2026-09-15 22:32:16,Alface Experimental #01,VEGETATIVO,0.0,PLANTA MORTA,10.0,0.0,5.0,2.0,0.0,2.0
2026-09-15 22:32:18,Alface Experimental #01,VEGETATIVO,0.0,PLANTA MORTA,10.0,0.0,5.0,2.0,0.0,2.0
2026-09-15 22:32:19,Alface Experimental #01,VEGETATIVO,0.0,PLANTA MORTA,10.0,0.0,5.0,2.0,0.0,2.0
2026-09-15 22:32:20,Alface Experimental #01,VEGETATIVO,0.0,PLANTA MORTA,10.0,0.0,5.0,2.0,0.0,2.0
2026-09-15 22:32:21,Alface Experimental #01,VEGETATIVO,0.0,PLANTA MORTA,10.0,0.0,5.0,2.0,0.0,2.0
2026-09-15 22:32:22,Alface Experimental #01,VEGETATIVO,0.0,PLANTA MORTA,10.0,0.0,5.0,2.0,0.0,2.0
2026-09-15 22:32:23,Alface Experimental #01,VEGETATIVO,0.0,PLANTA MORTA,10.0,0.0,5.0,2.0,0.0,2.0
2026-09-15 22:32:24,Alface Experimental #01,VEGETATIVO,0.0,PLANTA MORTA,10.0,0.0,5.0,2.0,0.0,2.0
2026-09-15 22:32:26,Alface Experimental #01,VEGETATIVO,0.0,PLANTA MORTA,10.0,0.0,5.0,2.0,0.0,2.0
2026-09-15 22:32:27,Alface Experimental #01,VEGETATIVO,0.0,PLANTA MORTA,10.0,0.0,5.0,2.0,0.0,2.0
2026-09-15 22:32:28,Alface Experimental #01,VEGETATIVO,0.0,PLANTA MORTA,10.0,0.0,5.0,2.0,0.0,2.0
2026-09-15 22:32:29,Alface Experimental #01,VEGETATIVO,0.0,PLANTA MORTA,10.0,0.0,5.0,2.0,0.0,2.0
2026-09-15 22:32:30,Alface Experimental #01,VEGETATIVO,0.0,PLANTA MORTA,10.0,0.0,5.0,2.0,0.0,2.0
2026-09-15 22:32:31,Alface Experimental #01,VEGETATIVO,0.0,PLANTA MORTA,10.0,0.0,5.0,2.0,0.0,2.0
2026-09-15 22:32:33,Alface Experimental #01,VEGETATIVO,0.0,PLANTA MORTA,10.0,0.0,5.0,2.0,0.0,2.0
2026-09-15 22:32:34,Alface Experimental #01,VEGETATIVO,0.0,PLANTA MORTA,10.0,0.0,5.0,2.0,0.0,2.0
2026-09-15 22:32:35,Alface Experimental #01,VEGETATIVO,0.0,PLANTA MORTA,10.0,0.0,5.0,2.0,0.0,2.0
2026-09-15 22:32:36,Alface Experimental #01,VEGETATIVO,0.0,PLANTA MORTA,10.0,0.0,5.0,2.0,0.0,2.0
2026-09-15 22:32:37,Alface Experimental #01,VEGETATIVO,0.0,PLANTA MORTA,10.0,0.0,5.0,2.0,0.0,2.0
2026-09-15 22:32:38,Alface Experimental #01,VEGETATIVO,0.0,PLANTA MORTA,10.0,0.0,5.0,2.0,0.0,2.0
2026-09-15 22:32:40,Alface Experimental #01,VEGETATIVO,0.0,PLANTA MORTA,10.0,0.0,5.0,2.0,0.0,2.0
2026-09-15 22:32:41,Alface Experimental #01,VEGETATIVO,0.0,PLANTA MORTA,10.0,0.0,5.0,2.0,0.0,2.0
2026-09-15 22:32:42,Alface Experimental #01,VEGETATIVO,0.0,PLANTA MORTA,10.0,0.0,5.0,2.0,0.0,2.0
2026-09-15 22:32:43,Alface Experimental #01,VEGETATIVO,0.0,PLANTA MORTA,10.0,0.0,5.0,2.0,0.0,2.0
2026-09-15 22:32:44,Alface Experimental #01,VEGETATIVO,0.0,PLANTA MORTA,10.0,0.0,5.0,2.0,0.0,2.0
2026-09-15 22:32:45,Alface Experimental #01,VEGETATIVO,0.0,PLANTA MORTA,10.0,0.0,5.0,2.0,0.0,2.0
2026-09-15 22:32:47,Alface Experimental #01,VEGETATIVO,0.0,PLANTA MORTA,10.0,0.0,5.0,2.0,0.0,2.0
2026-09-15 22:32:48,Alface Experimental #01,VEGETATIVO,0.0,PLANTA MORTA,10.0,0.0,5.0,2.0,0.0,2.0
2026-09-15 22:32:49,Alface Experimental #01,VEGETATIVO,0.0,PLANTA MORTA,10.0,0.0,5.0,2.0,0.0,2.0
2026-09-15 22:32:50,Alface Experimental #01,VEGETATIVO,0.0,PLANTA MORTA,10.0,0.0,5.0,2.0,0.0,2.0
2026-09-15 22:32:51,Alface Experimental #01,VEGETATIVO,0.0,PLANTA MORTA,10.0,0.0,5.0,2.0,0.0,2.0
2026-09-15 22:32:52,Alface Experimental #01,VEGETATIVO,0.0,PLANTA MORTA,10.0,0.0,5.0,2.0,0.0,2.0
2026-09-15 22:32:53,Alface Experimental #01,VEGETATIVO,0.0,PLANTA MORTA,10.0,0.0,5.0,2.0,0.0,2.0
2026-09-15 22:32:55,Alface Experimental #01,VEGETATIVO,0.0,PLANTA MORTA,10.0,0.0,5.0,2.0,0.0,2.0
2026-09-15 22:32:56,Alface Experimental #01,VEGETATIVO,0.0,PLANTA MORTA,10.0,0.0,5.0,2.0,0.0,2.0
2026-09-15 22:32:57,Alface Experimental #01,VEGETATIVO,0.0,PLANTA MORTA,10.0,0.0,5.0,2.0,0.0,2.0
2026-09-15 22:32:58,Alface Experimental #01,VEGETATIVO,0.0,PLANTA MORTA,10.0,0.0,5.0,2.0,0.0,2.0
2026-09-15 22:32:59,Alface Experimental #01,VEGETATIVO,0.0,PLANTA MORTA,10.0,0.0,5.0,2.0,0.0,2.0
2026-09-15 22:33:00,Alface Experimental #01,VEGETATIVO,0.0,PLANTA MORTA,10.0,0.0,5.0,2.0,0.0,2.0
2026-09-15 22:33:01,Alface Experimental #01,VEGETATIVO,0.0,PLANTA MORTA,10.0,0.0,5.0,2.0,0.0,2.0
2026-09-15 22:33:03,Alface Experimental #01,VEGETATIVO,0.0,PLANTA MORTA,10.0,0.0,5.0,2.0,0.0,2.0
2026-09-15 22:33:04,Alface Experimental #01,VEGETATIVO,0.0,PLANTA MORTA,10.0,0.0,5.0,2.0,0.0,2.0
2026-09-15 22:33:05,Alface Experimental #01,VEGETATIVO,0.0,PLANTA MORTA,10.0,0.0,5.0,2.0,0.0,2.0
2026-09-15 22:33:06,Alface Experimental #01,VEGETATIVO,0.0,PLANTA MORTA,10.0,0.0,5.0,2.0,0.0,2.0
2026-09-15 22:33:07,Alface Experimental #01,VEGETATIVO,0.0,PLANTA MORTA,10.0,0.0,5.0,2.0,0.0,2.0
2026-09-15 22:33:08,Alface Experimental #01,VEGETATIVO,0.0,PLANTA MORTA,10.0,0.0,5.0,2.0,0.0,2.0
2026-09-15 22:33:10,Alface Experimental #01,VEGETATIVO,0.0,PLANTA MORTA,10.0,0.0,5.0,2.0,0.0,2.0
2026-09-15 22:33:11,Alface Experimental #01,VEGETATIVO,0.0,PLANTA MORTA,10.0,0.0,5.0,2.0,0.0,2.0
2026-09-15 22:33:12,Alface Experimental #01,VEGETATIVO,0.0,PLANTA MORTA,10.0,0.0,5.0,2.0,0.0,2.0
2026-09-15 22:33:13,Alface Experimental #01,VEGETATIVO,0.0,PLANTA MORTA,10.0,0.0,5.0,2.0,0.0,2.0
2026-09-15 22:33:14,Alface Experimental #01,VEGETATIVO,0.0,PLANTA MORTA,10.0,0.0,5.0,2.0,0.0,2.0
2026-09-15 22:33:15,Alface Experimental #01,VEGETATIVO,0.0,PLANTA MORTA,10.0,0.0,5.0,2.0,0.0,2.0
2026-09-15 22:33:17,Alface Experimental #01,VEGETATIVO,0.0,PLANTA MORTA,10.0,0.0,5.0,2.0,0.0,2.0
2026-09-15 22:33:18,Alface Experimental #01,VEGETATIVO,0.0,PLANTA MORTA,10.0,0.0,5.0,2.0,0.0,2.0
2026-09-15 22:33:19,Alface Experimental #01,VEGETATIVO,0.0,PLANTA MORTA,10.0,0.0,5.0,2.0,0.0,2.0
2026-09-15 22:33:20,Alface Experimental #01,VEGETATIVO,0.0,PLANTA MORTA,10.0,0.0,5.0,2.0,0.0,2.0
2026-09-15 22:33:21,Alface Experimental #01,VEGETATIVO,0.0,PLANTA MORTA,10.0,0.0,5.0,2.0,0.0,2.0
2026-09-15 22:33:22,Alface Experimental #01,VEGETATIVO,0.0,PLANTA MORTA,10.0,0.0,5.0,2.0,0.0,2.0
2026-09-15 22:33:24,Alface Experimental #01,VEGETATIVO,0.0,PLANTA MORTA,10.0,0.0,5.0,2.0,0.0,2.0
2026-09-15 22:33:25,Alface Experimental #01,VEGETATIVO,0.0,PLANTA MORTA,10.0,0.0,5.0,2.0,0.0,2.0
2026-09-15 22:33:26,Alface Experimental #01,VEGETATIVO,0.0,PLANTA MORTA,10.0,0.0,5.0,2.0,0.0,2.0
2026-09-15 22:33:27,Alface Experimental #01,VEGETATIVO,0.0,PLANTA MORTA,10.0,0.0,5.0,2.0,0.0,2.0
2026-09-15 22:33:28,Alface Experimental #01,VEGETATIVO,0.0,PLANTA MORTA,10.0,0.0,5.0,2.0,0.0,2.0
2026-09-15 22:33:29,Alface Experimental #01,VEGETATIVO,0.0,PLANTA MORTA,10.0,0.0,5.0,2.0,0.0,2.0
2026-09-15 22:33:30,Alface Experimental #01,VEGETATIVO,0.0,PLANTA MORTA,10.0,0.0,5.0,2.0,0.0,2.0
2026-09-15 22:33:32,Alface Experimental #01,VEGETATIVO,0.0,PLANTA MORTA,10.0,0.0,5.0,2.0,0.0,2.0
2026-09-15 22:33:33,Alface Experimental #01,VEGETATIVO,0.0,PLANTA MORTA,10.0,0.0,5.0,2.0,0.0,2.0
2026-09-15 22:33:34,Alface Experimental #01,VEGETATIVO,0.0,PLANTA MORTA,10.0,0.0,5.0,2.0,0.0,2.0
2026-09-15 22:33:35,Alface Experimental #01,VEGETATIVO,0.0,PLANTA MORTA,10.0,0.0,5.0,2.0,0.0,2.0
2026-09-15 22:33:36,Alface Experimental #01,VEGETATIVO,0.0,PLANTA MORTA,10.0,0.0,5.0,2.0,0.0,2.0
2026-09-15 22:33:37,Alface Experimental #01,VEGETATIVO,0.0,PLANTA MORTA,10.0,0.0,5.0,2.0,0.0,2.0
2026-09-15 22:33:39,Alface Experimental #01,VEGETATIVO,0.0,PLANTA MORTA,10.0,0.0,5.0,2.0,0.0,2.0
2026-09-15 22:33:40,Alface Experimental #01,VEGETATIVO,0.0,PLANTA MORTA,10.0,0.0,5.0,2.0,0.0,2.0
2026-09-15 22:33:41,Alface Experimental #01,VEGETATIVO,0.0,PLANTA MORTA,10.0,0.0,5.0,2.0,0.0,2.0
2026-09-15 22:33:42,Alface Experimental #01,VEGETATIVO,0.0,PLANTA MORTA,10.0,0.0,5.0,2.0,0.0,2.0
2026-09-15 22:33:43,Alface Experimental #01,VEGETATIVO,0.0,PLANTA MORTA,10.0,0.0,5.0,2.0,0.0,2.0
2026-09-15 22:33:44,Alface Experimental #01,VEGETATIVO,0.0,PLANTA MORTA,10.0,0.0,5.0,2.0,0.0,2.0
2026-09-15 22:33:45,Alface Experimental #01,VEGETATIVO,0.0,PLANTA MORTA,10.0,0.0,5.0,2.0,0.0,2.0
2026-09-15 22:33:47,Alface Experimental #01,VEGETATIVO,0.0,PLANTA MORTA,10.0,0.0,5.0,2.0,0.0,2.0
2026-09-15 22:33:48,Alface Experimental #01,VEGETATIVO,0.0,PLANTA MORTA,10.0,0.0,5.0,2.0,0.0,2.0
2026-09-15 22:33:49,Alface Experimental #01,VEGETATIVO,0.0,PLANTA MORTA,10.0,0.0,5.0,2.0,0.0,2.0
2026-09-15 22:33:50,Alface Experimental #01,VEGETATIVO,0.0,PLANTA MORTA,10.0,0.0,5.0,2.0,0.0,2.0
2026-09-15 22:33:51,Alface Experimental #01,VEGETATIVO,0.0,PLANTA MORTA,10.0,0.0,5.0,2.0,0.0,2.0
2026-09-15 22:33:52,Alface Experimental #01,VEGETATIVO,0.0,PLANTA MORTA,10.0,0.0,5.0,2.0,0.0,2.0
2026-09-15 22:33:54,Alface Experimental #01,VEGETATIVO,0.0,PLANTA MORTA,10.0,0.0,5.0,2.0,0.0,2.0
2026-09-15 22:33:55,Alface Experimental #01,VEGETATIVO,0.0,PLANTA MORTA,10.0,0.0,5.0,2.0,0.0,2.0
2026-09-15 22:33:56,Alface Experimental #01,VEGETATIVO,0.0,PLANTA MORTA,10.0,0.0,5.0,2.0,0.0,2.0
2026-09-15 22:33:57,Alface Experimental #01,VEGETATIVO,0.0,PLANTA MORTA,10.0,0.0,5.0,2.0,0.0,2.0
2026-09-15 22:34:00,Alface Experimental #01,VEGETATIVO,0.0,PLANTA MORTA,10.0,0.0,5.0,2.0,0.0,2.0
2026-09-15 22:34:01,Alface Experimental #01,VEGETATIVO,0.0,PLANTA MORTA,10.0,0.0,5.0,2.0,0.0,2.0
2026-09-15 22:34:02,Alface Experimental #01,VEGETATIVO,0.0,PLANTA MORTA,10.0,0.0,5.0,2.0,0.0,2.0
2026-09-15 22:34:03,Alface Experimental #01,VEGETATIVO,0.0,PLANTA MORTA,10.0,0.0,5.0,2.0,0.0,2.0
2026-09-15 22:34:04,Alface Experimental #01,VEGETATIVO,0.0,PLANTA MORTA,10.0,0.0,5.0,2.0,0.0,2.0
2026-09-15 22:34:05,Alface Experimental #01,VEGETATIVO,0.0,PLANTA MORTA,10.0,0.0,5.0,2.0,0.0,2.0
2026-09-15 22:34:07,Alface Experimental #01,VEGETATIVO,0.0,PLANTA MORTA,10.0,0.0,5.0,2.0,0.0,2.0
2026-09-15 22:34:08,Alface Experimental #01,VEGETATIVO,0.0,PLANTA MORTA,10.0,0.0,5.0,2.0,0.0,2.0
2026-09-15 22:34:09,Alface Experimental #01,VEGETATIVO,0.0,PLANTA MORTA,10.0,0.0,5.0,2.0,0.0,2.0
2026-09-15 22:34:10,Alface Experimental #01,VEGETATIVO,0.0,PLANTA MORTA,10.0,0.0,5.0,2.0,0.0,2.0
2026-09-15 22:34:11,Alface Experimental #01,VEGETATIVO,0.0,PLANTA MORTA,10.0,0.0,5.0,2.0,0.0,2.0
2026-09-15 22:34:12,Alface Experimental #01,VEGETATIVO,0.0,PLANTA MORTA,10.0,0.0,5.0,2.0,0.0,2.0
2026-09-15 22:34:13,Alface Experimental #01,VEGETATIVO,0.0,PLANTA MORTA,10.0,0.0,5.0,2.0,0.0,2.0
2026-09-15 22:34:15,Alface Experimental #01,VEGETATIVO,0.0,PLANTA MORTA,10.0,0.0,5.0,2.0,0.0,2.0
2026-09-15 22:34:16,Alface Experimental #01,VEGETATIVO,0.0,PLANTA MORTA,10.0,0.0,5.0,2.0,0.0,2.0
2026-09-15 22:34:17,Alface Experimental #01,VEGETATIVO,0.0,PLANTA MORTA,10.0,0.0,5.0,2.0,0.0,2.0
2026-09-15 22:34:18,Alface Experimental #01,VEGETATIVO,0.0,PLANTA MORTA,10.0,0.0,5.0,2.0,0.0,2.0
2026-09-15 22:34:19,Alface Experimental #01,VEGETATIVO,0.0,PLANTA MORTA,10.0,0.0,5.0,2.0,0.0,2.0
2026-09-15 22:34:20,Alface Experimental #01,VEGETATIVO,0.0,PLANTA MORTA,10.0,0.0,5.0,2.0,0.0,2.0
2026-09-15 22:34:22,Alface Experimental #01,VEGETATIVO,0.0,PLANTA MORTA,10.0,0.0,5.0,2.0,0.0,2.0
2026-09-15 22:34:23,Alface Experimental #01,VEGETATIVO,0.0,PLANTA MORTA,10.0,0.0,5.0,2.0,0.0,2.0
2026-09-15 22:34:24,Alface Experimental #01,VEGETATIVO,0.0,PLANTA MORTA,10.0,0.0,5.0,2.0,0.0,2.0
2026-09-15 22:34:25,Alface Experimental #01,VEGETATIVO,0.0,PLANTA MORTA,10.0,0.0,5.0,2.0,0.0,2.0
2026-09-15 22:34:26,Alface Experimental #01,VEGETATIVO,0.0,PLANTA MORTA,10.0,0.0,5.0,2.0,0.0,2.0
2026-09-15 22:34:27,Alface Experimental #01,VEGETATIVO,0.0,PLANTA MORTA,10.0,0.0,5.0,2.0,0.0,2.0
2026-09-15 22:34:29,Alface Experimental #01,VEGETATIVO,0.0,PLANTA MORTA,10.0,0.0,5.0,2.0,0.0,2.0
2026-09-15 22:34:30,Alface Experimental #01,VEGETATIVO,0.0,PLANTA MORTA,10.0,0.0,5.0,2.0,0.0,2.0
2026-09-15 22:34:31,Alface Experimental #01,VEGETATIVO,0.0,PLANTA MORTA,10.0,0.0,5.0,2.0,0.0,2.0
2026-09-15 22:34:32,Alface Experimental #01,VEGETATIVO,0.0,PLANTA MORTA,10.0,0.0,5.0,2.0,0.0,2.0
2026-09-15 22:34:33,Alface Experimental #01,VEGETATIVO,0.0,PLANTA MORTA,10.0,0.0,5.0,2.0,0.0,2.0
2026-09-15 22:34:34,Alface Experimental #01,VEGETATIVO,0.0,PLANTA MORTA,10.0,0.0,5.0,2.0,0.0,2.0
2026-09-15 22:34:35,Alface Experimental #01,VEGETATIVO,0.0,PLANTA MORTA,10.0,0.0,5.0,2.0,0.0,2.0
2026-09-15 22:34:37,Alface Experimental #01,VEGETATIVO,0.0,PLANTA MORTA,10.0,0.0,5.0,2.0,0.0,2.0
2026-09-15 22:34:38,Alface Experimental #01,VEGETATIVO,0.0,PLANTA MORTA,10.0,0.0,5.0,2.0,0.0,2.0
2026-09-15 22:34:39,Alface Experimental #01,VEGETATIVO,0.0,PLANTA MORTA,10.0,0.0,5.0,2.0,0.0,2.0
2026-09-15 22:34:40,Alface Experimental #01,VEGETATIVO,0.0,PLANTA MORTA,10.0,0.0,5.0,2.0,0.0,2.0
2026-09-15 22:34:41,Alface Experimental #01,VEGETATIVO,0.0,PLANTA MORTA,10.0,0.0,5.0,2.0,0.0,2.0
2026-09-15 22:34:42,Alface Experimental #01,VEGETATIVO,0.0,PLANTA MORTA,10.0,0.0,5.0,2.0,0.0,2.0
2026-09-15 22:34:44,Alface Experimental #01,VEGETATIVO,0.0,PLANTA MORTA,10.0,0.0,5.0,2.0,0.0,2.0
2026-09-15 22:34:45,Alface Experimental #01,VEGETATIVO,0.0,PLANTA MORTA,10.0,0.0,5.0,2.0,0.0,2.0
2026-09-15 22:34:46,Alface Experimental #01,VEGETATIVO,0.0,PLANTA MORTA,10.0,0.0,5.0,2.0,0.0,2.0
2026-09-15 22:34:47,Alface Experimental #01,VEGETATIVO,0.0,PLANTA MORTA,10.0,0.0,5.0,2.0,0.0,2.0
2026-09-15 22:34:48,Alface Experimental #01,VEGETATIVO,0.0,PLANTA MORTA,10.0,0.0,5.0,2.0,0.0,2.0
2026-09-15 22:34:49,Alface Experimental #01,VEGETATIVO,0.0,PLANTA MORTA,10.0,0.0,5.0,2.0,0.0,2.0
2026-09-15 22:34:51,Alface Experimental #01,VEGETATIVO,0.0,PLANTA MORTA,10.0,0.0,5.0,2.0,0.0,2.0
2026-09-15 22:34:52,Alface Experimental #01,VEGETATIVO,0.0,PLANTA MORTA,10.0,0.0,5.0,2.0,0.0,2.0
2026-09-15 22:34:53,Alface Experimental #01,VEGETATIVO,0.0,PLANTA MORTA,10.0,0.0,5.0,2.0,0.0,2.0
2026-09-15 22:34:54,Alface Experimental #01,VEGETATIVO,0.0,PLANTA MORTA,10.0,0.0,5.0,2.0,0.0,2.0
2026-09-15 22:34:55,Alface Experimental #01,VEGETATIVO,0.0,PLANTA MORTA,10.0,0.0,5.0,2.0,0.0,2.0
2026-09-15 22:34:56,Alface Experimental #01,VEGETATIVO,0.0,PLANTA MORTA,10.0,0.0,5.0,2.0,0.0,2.0
2026-09-15 22:34:57,Alface Experimental #01,VEGETATIVO,0.0,PLANTA MORTA,10.0,0.0,5.0,2.0,0.0,2.0
2026-09-15 22:34:59,Alface Experimental #01,VEGETATIVO,0.0,PLANTA MORTA,10.0,0.0,5.0,2.0,0.0,2.0
2026-09-15 22:35:00,Alface Experimental #01,VEGETATIVO,0.0,PLANTA MORTA,10.0,0.0,5.0,2.0,0.0,2.0
2026-09-15 22:35:01,Alface Experimental #01,VEGETATIVO,0.0,PLANTA MORTA,10.0,0.0,5.0,2.0,0.0,2.0
2026-09-15 22:35:02,Alface Experimental #01,VEGETATIVO,0.0,PLANTA MORTA,10.0,0.0,5.0,2.0,0.0,2.0
2026-09-15 22:35:03,Alface Experimental #01,VEGETATIVO,0.0,PLANTA MORTA,10.0,0.0,5.0,2.0,0.0,2.0
2026-09-15 22:35:04,Alface Experimental #01,VEGETATIVO,0.0,PLANTA MORTA,10.0,0.0,5.0,2.0,0.0,2.0
2026-09-15 22:35:06,Alface Experimental #01,VEGETATIVO,0.0,PLANTA MORTA,10.0,0.0,5.0,2.0,0.0,2.0
2026-09-15 22:35:07,Alface Experimental #01,VEGETATIVO,0.0,PLANTA MORTA,10.0,0.0,5.0,2.0,0.0,2.0
2026-09-15 22:35:08,Alface Experimental #01,VEGETATIVO,0.0,PLANTA MORTA,10.0,0.0,5.0,2.0,0.0,2.0
2026-09-15 22:35:09,Alface Experimental #01,VEGETATIVO,0.0,PLANTA MORTA,10.0,0.0,5.0,2.0,0.0,2.0
2026-09-15 22:35:10,Alface Experimental #01,VEGETATIVO,0.0,PLANTA MORTA,10.0,0.0,5.0,2.0,0.0,2.0
2026-09-15 22:35:11,Alface Experimental #01,VEGETATIVO,0.0,PLANTA MORTA,10.0,0.0,5.0,2.0,0.0,2.0
2026-09-15 22:35:13,Alface Experimental #01,VEGETATIVO,0.0,PLANTA MORTA,10.0,0.0,5.0,2.0,0.0,2.0
2026-09-15 22:35:14,Alface Experimental #01,VEGETATIVO,0.0,PLANTA MORTA,10.0,0.0,5.0,2.0,0.0,2.0
2026-09-15 22:35:15,Alface Experimental #01,VEGETATIVO,0.0,PLANTA MORTA,10.0,0.0,5.0,2.0,0.0,2.0
2026-09-15 22:35:16,Alface Experimental #01,VEGETATIVO,0.0,PLANTA MORTA,10.0,0.0,5.0,2.0,0.0,2.0
2026-09-15 22:35:17,Alface Experimental #01,VEGETATIVO,0.0,PLANTA MORTA,10.0,0.0,5.0,2.0,0.0,2.0
2026-09-15 22:35:18,Alface Experimental #01,VEGETATIVO,0.0,PLANTA MORTA,10.0,0.0,5.0,2.0,0.0,2.0
2026-09-15 22:35:20,Alface Experimental #01,VEGETATIVO,0.0,PLANTA MORTA,10.0,0.0,5.0,2.0,0.0,2.0
2026-09-15 22:35:21,Alface Experimental #01,VEGETATIVO,0.0,PLANTA MORTA,10.0,0.0,5.0,2.0,0.0,2.0
2026-09-15 22:35:22,Alface Experimental #01,VEGETATIVO,0.0,PLANTA MORTA,10.0,0.0,5.0,2.0,0.0,2.0
2026-09-15 22:35:23,Alface Experimental #01,VEGETATIVO,0.0,PLANTA MORTA,10.0,0.0,5.0,2.0,0.0,2.0
2026-09-15 22:35:24,Alface Experimental #01,VEGETATIVO,0.0,PLANTA MORTA,10.0,0.0,5.0,2.0,0.0,2.0
2026-09-15 22:35:25,Alface Experimental #01,VEGETATIVO,0.0,PLANTA MORTA,10.0,0.0,5.0,2.0,0.0,2.0
2026-09-15 22:35:27,Alface Experimental #01,VEGETATIVO,0.0,PLANTA MORTA,10.0,0.0,5.0,2.0,0.0,2.0
2026-09-15 22:35:28,Alface Experimental #01,VEGETATIVO,0.0,PLANTA MORTA,10.0,0.0,5.0,2.0,0.0,2.0
2026-09-15 22:35:29,Alface Experimental #01,VEGETATIVO,0.0,PLANTA MORTA,10.0,0.0,5.0,2.0,0.0,2.0
2026-09-15 22:35:30,Alface Experimental #01,VEGETATIVO,0.0,PLANTA MORTA,10.0,0.0,5.0,2.0,0.0,2.0
2026-09-15 22:35:31,Alface Experimental #01,VEGETATIVO,0.0,PLANTA MORTA,10.0,0.0,5.0,2.0,0.0,2.0
2026-09-15 22:35:32,Alface Experimental #01,VEGETATIVO,0.0,PLANTA MORTA,10.0,0.0,5.0,2.0,0.0,2.0
2026-09-15 22:35:34,Alface Experimental #01,VEGETATIVO,0.0,PLANTA MORTA,10.0,0.0,5.0,2.0,0.0,2.0
2026-09-15 22:35:35,Alface Experimental #01,VEGETATIVO,0.0,PLANTA MORTA,10.0,0.0,5.0,2.0,0.0,2.0
2026-09-15 22:35:36,Alface Experimental #01,VEGETATIVO,0.0,PLANTA MORTA,10.0,0.0,5.0,2.0,0.0,2.0
2026-09-15 22:35:37,Alface Experimental #01,VEGETATIVO,0.0,PLANTA MORTA,10.0,0.0,5.0,2.0,0.0,2.0
2026-09-15 22:35:38,Alface Experimental #01,VEGETATIVO,0.0,PLANTA MORTA,10.0,0.0,5.0,2.0,0.0,2.0
2026-09-15 22:35:39,Alface Experimental #01,VEGETATIVO,0.0,PLANTA MORTA,10.0,0.0,5.0,2.0,0.0,2.0
2026-09-15 22:35:41,Alface Experimental #01,VEGETATIVO,0.0,PLANTA MORTA,10.0,0.0,5.0,2.0,0.0,2.0
2026-09-15 22:35:42,Alface Experimental #01,VEGETATIVO,0.0,PLANTA MORTA,10.0,0.0,5.0,2.0,0.0,2.0
2026-09-15 22:35:43,Alface Experimental #01,VEGETATIVO,0.0,PLANTA MORTA,10.0,0.0,5.0,2.0,0.0,2.0
2026-09-15 22:35:44,Alface Experimental #01,VEGETATIVO,0.0,PLANTA MORTA,10.0,0.0,5.0,2.0,0.0,2.0
2026-09-15 22:35:45,Alface Experimental #01,VEGETATIVO,0.0,PLANTA MORTA,10.0,0.0,5.0,2.0,0.0,2.0
2026-09-15 22:35:46,Alface Experimental #01,VEGETATIVO,0.0,PLANTA MORTA,10.0,0.0,5.0,2.0,0.0,2.0
2026-09-15 22:35:48,Alface Experimental #01,VEGETATIVO,0.0,PLANTA MORTA,10.0,0.0,5.0,2.0,0.0,2.0
2026-09-15 22:35:49,Alface Experimental #01,VEGETATIVO,0.0,PLANTA MORTA,10.0,0.0,5.0,2.0,0.0,2.0
2026-09-15 22:35:50,Alface Experimental #01,VEGETATIVO,0.0,PLANTA MORTA,10.0,0.0,5.0,2.0,0.0,2.0
2026-09-15 22:35:51,Alface Experimental #01,VEGETATIVO,0.0,PLANTA MORTA,10.0,0.0,5.0,2.0,0.0,2.0
2026-09-15 22:35:52,Alface Experimental #01,VEGETATIVO,0.0,PLANTA MORTA,10.0,0.0,5.0,2.0,0.0,2.0
2026-09-15 22:35:53,Alface Experimental #01,VEGETATIVO,0.0,PLANTA MORTA,10.0,0.0,5.0,2.0,0.0,2.0
2026-09-15 22:35:54,Alface Experimental #01,VEGETATIVO,0.0,PLANTA MORTA,10.0,0.0,5.0,2.0,0.0,2.0
2026-09-15 22:35:56,Alface Experimental #01,VEGETATIVO,0.0,PLANTA MORTA,10.0,0.0,5.0,2.0,0.0,2.0
2026-09-15 22:35:57,Alface Experimental #01,VEGETATIVO,0.0,PLANTA MORTA,10.0,0.0,5.0,2.0,0.0,2.0
2026-09-15 22:35:58,Alface Experimental #01,VEGETATIVO,0.0,PLANTA MORTA,10.0,0.0,5.0,2.0,0.0,2.0
2026-09-15 22:35:59,Alface Experimental #01,VEGETATIVO,0.0,PLANTA MORTA,10.0,0.0,5.0,2.0,0.0,2.0
2026-09-15 22:36:00,Alface Experimental #01,VEGETATIVO,0.0,PLANTA MORTA,10.0,0.0,5.0,2.0,0.0,2.0
2026-09-15 22:36:01,Alface Experimental #01,VEGETATIVO,0.0,PLANTA MORTA,10.0,0.0,5.0,2.0,0.0,2.0
2026-09-15 22:36:03,Alface Experimental #01,VEGETATIVO,0.0,PLANTA MORTA,10.0,0.0,5.0,2.0,0.0,2.0
2026-09-15 22:36:04,Alface Experimental #01,VEGETATIVO,0.0,PLANTA MORTA,10.0,0.0,5.0,2.0,0.0,2.0
2026-09-15 22:36:05,Alface Experimental #01,VEGETATIVO,0.0,PLANTA MORTA,10.0,0.0,5.0,2.0,0.0,2.0
2026-09-15 22:36:06,Alface Experimental #01,VEGETATIVO,0.0,PLANTA MORTA,10.0,0.0,5.0,2.0,0.0,2.0
2026-09-15 22:36:07,Alface Experimental #01,VEGETATIVO,0.0,PLANTA MORTA,10.0,0.0,5.0,2.0,0.0,2.0
2026-09-15 22:36:08,Alface Experimental #01,VEGETATIVO,0.0,PLANTA MORTA,10.0,0.0,5.0,2.0,0.0,2.0
2026-09-15 22:36:09,Alface Experimental #01,VEGETATIVO,0.0,PLANTA MORTA,10.0,0.0,5.0,2.0,0.0,2.0
2026-09-15 22:36:11,Alface Experimental #01,VEGETATIVO,0.0,PLANTA MORTA,10.0,0.0,5.0,2.0,0.0,2.0
2026-09-15 22:36:12,Alface Experimental #01,VEGETATIVO,0.0,PLANTA MORTA,10.0,0.0,5.0,2.0,0.0,2.0
2026-09-15 22:36:13,Alface Experimental #01,VEGETATIVO,0.0,PLANTA MORTA,10.0,0.0,5.0,2.0,0.0,2.0
2026-09-15 22:36:14,Alface Experimental #01,VEGETATIVO,0.0,PLANTA MORTA,10.0,0.0,5.0,2.0,0.0,2.0
2026-09-15 22:36:15,Alface Experimental #01,VEGETATIVO,0.0,PLANTA MORTA,10.0,0.0,5.0,2.0,0.0,2.0
2026-09-15 22:36:16,Alface Experimental #01,VEGETATIVO,0.0,PLANTA MORTA,10.0,0.0,5.0,2.0,0.0,2.0
2026-09-15 22:36:18,Alface Experimental #01,VEGETATIVO,0.0,PLANTA MORTA,10.0,0.0,5.0,2.0,0.0,2.0
2026-09-15 22:36:19,Alface Experimental #01,VEGETATIVO,0.0,PLANTA MORTA,10.0,0.0,5.0,2.0,0.0,2.0
2026-09-15 22:36:20,Alface Experimental #01,VEGETATIVO,0.0,PLANTA MORTA,10.0,0.0,5.0,2.0,0.0,2.0
2026-09-15 22:36:21,Alface Experimental #01,VEGETATIVO,0.0,PLANTA MORTA,10.0,0.0,5.0,2.0,0.0,2.0
2026-09-15 22:36:22,Alface Experimental #01,VEGETATIVO,0.0,PLANTA MORTA,10.0,0.0,5.0,2.0,0.0,2.0
2026-09-15 22:36:23,Alface Experimental #01,VEGETATIVO,0.0,PLANTA MORTA,10.0,0.0,5.0,2.0,0.0,2.0
2026-09-15 22:36:24,Alface Experimental #01,VEGETATIVO,0.0,PLANTA MORTA,10.0,0.0,5.0,2.0,0.0,2.0
2026-09-15 22:36:26,Alface Experimental #01,VEGETATIVO,0.0,PLANTA MORTA,10.0,0.0,5.0,2.0,0.0,2.0
2026-09-15 22:36:27,Alface Experimental #01,VEGETATIVO,0.0,PLANTA MORTA,10.0,0.0,5.0,2.0,0.0,2.0
2026-09-15 22:36:28,Alface Experimental #01,VEGETATIVO,0.0,PLANTA MORTA,10.0,0.0,5.0,2.0,0.0,2.0
2026-09-15 22:36:29,Alface Experimental #01,VEGETATIVO,0.0,PLANTA MORTA,10.0,0.0,5.0,2.0,0.0,2.0
2026-09-15 22:36:30,Alface Experimental #01,VEGETATIVO,0.0,PLANTA MORTA,10.0,0.0,5.0,2.0,0.0,2.0
2026-09-15 22:36:31,Alface Experimental #01,VEGETATIVO,0.0,PLANTA MORTA,10.0,0.0,5.0,2.0,0.0,2.0
2026-09-15 22:36:33,Alface Experimental #01,VEGETATIVO,0.0,PLANTA MORTA,10.0,0.0,5.0,2.0,0.0,2.0
2026-09-15 22:36:34,Alface Experimental #01,VEGETATIVO,0.0,PLANTA MORTA,10.0,0.0,5.0,2.0,0.0,2.0
2026-09-15 22:36:35,Alface Experimental #01,VEGETATIVO,0.0,PLANTA MORTA,10.0,0.0,5.0,2.0,0.0,2.0
2026-09-15 22:36:36,Alface Experimental #01,VEGETATIVO,0.0,PLANTA MORTA,10.0,0.0,5.0,2.0,0.0,2.0
2026-09-15 22:36:37,Alface Experimental #01,VEGETATIVO,0.0,PLANTA MORTA,10.0,0.0,5.0,2.0,0.0,2.0
2026-09-15 22:36:38,Alface Experimental #01,VEGETATIVO,0.0,PLANTA MORTA,10.0,0.0,5.0,2.0,0.0,2.0
2026-09-15 22:36:40,Alface Experimental #01,VEGETATIVO,0.0,PLANTA MORTA,10.0,0.0,5.0,2.0,0.0,2.0
2026-09-15 22:36:41,Alface Experimental #01,VEGETATIVO,0.0,PLANTA MORTA,10.0,0.0,5.0,2.0,0.0,2.0
2026-09-15 22:36:42,Alface Experimental #01,VEGETATIVO,0.0,PLANTA MORTA,10.0,0.0,5.0,2.0,0.0,2.0
2026-09-15 22:36:43,Alface Experimental #01,VEGETATIVO,0.0,PLANTA MORTA,10.0,0.0,5.0,2.0,0.0,2.0
2026-09-15 22:36:44,Alface Experimental #01,VEGETATIVO,0.0,PLANTA MORTA,10.0,0.0,5.0,2.0,0.0,2.0
2026-09-15 22:36:45,Alface Experimental #01,VEGETATIVO,0.0,PLANTA MORTA,10.0,0.0,5.0,2.0,0.0,2.0
2026-09-15 22:36:47,Alface Experimental #01,VEGETATIVO,0.0,PLANTA MORTA,10.0,0.0,5.0,2.0,0.0,2.0
2026-09-15 22:36:48,Alface Experimental #01,VEGETATIVO,0.0,PLANTA MORTA,10.0,0.0,5.0,2.0,0.0,2.0
2026-09-15 22:36:49,Alface Experimental #01,VEGETATIVO,0.0,PLANTA MORTA,10.0,0.0,5.0,2.0,0.0,2.0
2026-09-15 22:36:50,Alface Experimental #01,VEGETATIVO,0.0,PLANTA MORTA,10.0,0.0,5.0,2.0,0.0,2.0
2026-09-15 22:36:51,Alface Experimental #01,VEGETATIVO,0.0,PLANTA MORTA,10.0,0.0,5.0,2.0,0.0,2.0
2026-09-15 22:36:52,Alface Experimental #01,VEGETATIVO,0.0,PLANTA MORTA,10.0,0.0,5.0,2.0,0.0,2.0
2026-09-15 22:36:53,Alface Experimental #01,VEGETATIVO,0.0,PLANTA MORTA,10.0,0.0,5.0,2.0,0.0,2.0
2026-09-15 22:36:55,Alface Experimental #01,VEGETATIVO,0.0,PLANTA MORTA,10.0,0.0,5.0,2.0,0.0,2.0
2026-09-15 22:36:56,Alface Experimental #01,VEGETATIVO,0.0,PLANTA MORTA,10.0,0.0,5.0,2.0,0.0,2.0
2026-09-15 22:36:57,Alface Experimental #01,VEGETATIVO,0.0,PLANTA MORTA,10.0,0.0,5.0,2.0,0.0,2.0
2026-09-15 22:36:58,Alface Experimental #01,VEGETATIVO,0.0,PLANTA MORTA,10.0,0.0,5.0,2.0,0.0,2.0
2026-09-15 22:36:59,Alface Experimental #01,VEGETATIVO,0.0,PLANTA MORTA,10.0,0.0,5.0,2.0,0.0,2.0
2026-09-15 22:37:00,Alface Experimental #01,VEGETATIVO,0.0,PLANTA MORTA,10.0,0.0,5.0,2.0,0.0,2.0
2026-09-15 22:37:02,Alface Experimental #01,VEGETATIVO,0.0,PLANTA MORTA,10.0,0.0,5.0,2.0,0.0,2.0
2026-09-15 22:37:03,Alface Experimental #01,VEGETATIVO,0.0,PLANTA MORTA,10.0,0.0,5.0,2.0,0.0,2.0
2026-09-15 22:37:04,Alface Experimental #01,VEGETATIVO,0.0,PLANTA MORTA,10.0,0.0,5.0,2.0,0.0,2.0
2026-09-15 22:37:05,Alface Experimental #01,VEGETATIVO,0.0,PLANTA MORTA,10.0,0.0,5.0,2.0,0.0,2.0
2026-09-15 22:37:06,Alface Experimental #01,VEGETATIVO,0.0,PLANTA MORTA,10.0,0.0,5.0,2.0,0.0,2.0
2026-09-15 22:37:07,Alface Experimental #01,VEGETATIVO,0.0,PLANTA MORTA,10.0,0.0,5.0,2.0,0.0,2.0
2026-09-15 22:37:08,Alface Experimental #01,VEGETATIVO,0.0,PLANTA MORTA,10.0,0.0,5.0,2.0,0.0,2.0
2026-09-15 22:37:10,Alface Experimental #01,VEGETATIVO,0.0,PLANTA MORTA,10.0,0.0,5.0,2.0,0.0,2.0
2026-09-15 22:37:11,Alface Experimental #01,VEGETATIVO,0.0,PLANTA MORTA,10.0,0.0,5.0,2.0,0.0,2.0
2026-09-15 22:37:12,Alface Experimental #01,VEGETATIVO,0.0,PLANTA MORTA,10.0,0.0,5.0,2.0,0.0,2.0
2026-09-15 22:37:13,Alface Experimental #01,VEGETATIVO,0.0,PLANTA MORTA,10.0,0.0,5.0,2.0,0.0,2.0
2026-09-15 22:37:14,Alface Experimental #01,VEGETATIVO,0.0,PLANTA MORTA,10.0,0.0,5.0,2.0,0.0,2.0
2026-09-15 22:37:15,Alface Experimental #01,VEGETATIVO,0.0,PLANTA MORTA,10.0,0.0,5.0,2.0,0.0,2.0
2026-09-15 22:37:17,Alface Experimental #01,VEGETATIVO,0.0,PLANTA MORTA,10.0,0.0,5.0,2.0,0.0,2.0
2026-09-15 22:37:18,Alface Experimental #01,VEGETATIVO,0.0,PLANTA MORTA,10.0,0.0,5.0,2.0,0.0,2.0
2026-09-15 22:37:19,Alface Experimental #01,VEGETATIVO,0.0,PLANTA MORTA,10.0,0.0,5.0,2.0,0.0,2.0
2026-09-15 22:37:20,Alface Experimental #01,VEGETATIVO,0.0,PLANTA MORTA,10.0,0.0,5.0,2.0,0.0,2.0
2026-09-15 22:37:21,Alface Experimental #01,VEGETATIVO,0.0,PLANTA MORTA,10.0,0.0,5.0,2.0,0.0,2.0
2026-09-15 22:37:22,Alface Experimental #01,VEGETATIVO,0.0,PLANTA MORTA,10.0,0.0,5.0,2.0,0.0,2.0
2026-09-15 22:37:23,Alface Experimental #01,VEGETATIVO,0.0,PLANTA MORTA,10.0,0.0,5.0,2.0,0.0,2.0
2026-09-15 22:37:25,Alface Experimental #01,VEGETATIVO,0.0,PLANTA MORTA,10.0,0.0,5.0,2.0,0.0,2.0
2026-09-15 22:37:26,Alface Experimental #01,VEGETATIVO,0.0,PLANTA MORTA,10.0,0.0,5.0,2.0,0.0,2.0
2026-09-15 22:37:27,Alface Experimental #01,VEGETATIVO,0.0,PLANTA MORTA,10.0,0.0,5.0,2.0,0.0,2.0
2026-09-15 22:37:28,Alface Experimental #01,VEGETATIVO,0.0,PLANTA MORTA,10.0,0.0,5.0,2.0,0.0,2.0
2026-09-15 22:37:29,Alface Experimental #01,VEGETATIVO,0.0,PLANTA MORTA,10.0,0.0,5.0,2.0,0.0,2.0
2026-09-15 22:37:30,Alface Experimental #01,VEGETATIVO,0.0,PLANTA MORTA,10.0,0.0,5.0,2.0,0.0,2.0
2026-09-15 22:37:32,Alface Experimental #01,VEGETATIVO,0.0,PLANTA MORTA,10.0,0.0,5.0,2.0,0.0,2.0
2026-09-15 22:37:33,Alface Experimental #01,VEGETATIVO,0.0,PLANTA MORTA,10.0,0.0,5.0,2.0,0.0,2.0
2026-09-15 22:37:34,Alface Experimental #01,VEGETATIVO,0.0,PLANTA MORTA,10.0,0.0,5.0,2.0,0.0,2.0
2026-09-15 22:37:35,Alface Experimental #01,VEGETATIVO,0.0,PLANTA MORTA,10.0,0.0,5.0,2.0,0.0,2.0
2026-09-15 22:37:36,Alface Experimental #01,VEGETATIVO,0.0,PLANTA MORTA,10.0,0.0,5.0,2.0,0.0,2.0
2026-09-15 22:37:37,Alface Experimental #01,VEGETATIVO,0.0,PLANTA MORTA,10.0,0.0,5.0,2.0,0.0,2.0
2026-09-15 22:37:39,Alface Experimental #01,VEGETATIVO,0.0,PLANTA MORTA,10.0,0.0,5.0,2.0,0.0,2.0
2026-09-15 22:37:40,Alface Experimental #01,VEGETATIVO,0.0,PLANTA MORTA,10.0,0.0,5.0,2.0,0.0,2.0
2026-09-15 22:37:41,Alface Experimental #01,VEGETATIVO,0.0,PLANTA MORTA,10.0,0.0,5.0,2.0,0.0,2.0
2026-09-15 22:37:42,Alface Experimental #01,VEGETATIVO,0.0,PLANTA MORTA,10.0,0.0,5.0,2.0,0.0,2.0
2026-09-15 22:37:43,Alface Experimental #01,VEGETATIVO,0.0,PLANTA MORTA,10.0,0.0,5.0,2.0,0.0,2.0
2026-09-15 22:37:44,Alface Experimental #01,VEGETATIVO,0.0,PLANTA MORTA,10.0,0.0,5.0,2.0,0.0,2.0
2026-09-15 22:37:45,Alface Experimental #01,VEGETATIVO,0.0,PLANTA MORTA,10.0,0.0,5.0,2.0,0.0,2.0
2026-09-15 22:37:47,Alface Experimental #01,VEGETATIVO,0.0,PLANTA MORTA,10.0,0.0,5.0,2.0,0.0,2.0
2026-09-15 22:37:48,Alface Experimental #01,VEGETATIVO,0.0,PLANTA MORTA,10.0,0.0,5.0,2.0,0.0,2.0
2026-09-15 22:37:49,Alface Experimental #01,VEGETATIVO,0.0,PLANTA MORTA,10.0,0.0,5.0,2.0,0.0,2.0
2026-09-15 22:37:50,Alface Experimental #01,VEGETATIVO,0.0,PLANTA MORTA,10.0,0.0,5.0,2.0,0.0,2.0
2026-09-15 22:37:51,Alface Experimental #01,VEGETATIVO,0.0,PLANTA MORTA,10.0,0.0,5.0,2.0,0.0,2.0
2026-09-15 22:37:52,Alface Experimental #01,VEGETATIVO,0.0,PLANTA MORTA,10.0,0.0,5.0,2.0,0.0,2.0
2026-09-15 22:37:54,Alface Experimental #01,VEGETATIVO,0.0,PLANTA MORTA,10.0,0.0,5.0,2.0,0.0,2.0
2026-09-15 22:37:55,Alface Experimental #01,VEGETATIVO,0.0,PLANTA MORTA,10.0,0.0,5.0,2.0,0.0,2.0
2026-09-15 22:37:56,Alface Experimental #01,VEGETATIVO,0.0,PLANTA MORTA,10.0,0.0,5.0,2.0,0.0,2.0
2026-09-15 22:37:57,Alface Experimental #01,VEGETATIVO,0.0,PLANTA MORTA,10.0,0.0,5.0,2.0,0.0,2.0
2026-09-15 22:37:58,Alface Experimental #01,VEGETATIVO,0.0,PLANTA MORTA,10.0,0.0,5.0,2.0,0.0,2.0
2026-09-15 22:37:59,Alface Experimental #01,VEGETATIVO,0.0,PLANTA MORTA,10.0,0.0,5.0,2.0,0.0,2.0
2026-09-15 22:38:01,Alface Experimental #01,VEGETATIVO,0.0,PLANTA MORTA,10.0,0.0,5.0,2.0,0.0,2.0
2026-09-15 22:38:02,Alface Experimental #01,VEGETATIVO,0.0,PLANTA MORTA,10.0,0.0,5.0,2.0,0.0,2.0
2026-09-15 22:38:03,Alface Experimental #01,VEGETATIVO,0.0,PLANTA MORTA,10.0,0.0,5.0,2.0,0.0,2.0
2026-09-15 22:38:04,Alface Experimental #01,VEGETATIVO,0.0,PLANTA MORTA,10.0,0.0,5.0,2.0,0.0,2.0
2026-09-15 22:38:05,Alface Experimental #01,VEGETATIVO,0.0,PLANTA MORTA,10.0,0.0,5.0,2.0,0.0,2.0
2026-09-15 22:38:06,Alface Experimental #01,VEGETATIVO,0.0,PLANTA MORTA,10.0,0.0,5.0,2.0,0.0,2.0
2026-09-15 22:38:07,Alface Experimental #01,VEGETATIVO,0.0,PLANTA MORTA,10.0,0.0,5.0,2.0,0.0,2.0
2026-09-15 22:38:09,Alface Experimental #01,VEGETATIVO,0.0,PLANTA MORTA,10.0,0.0,5.0,2.0,0.0,2.0
2026-09-15 22:38:10,Alface Experimental #01,VEGETATIVO,0.0,PLANTA MORTA,10.0,0.0,5.0,2.0,0.0,2.0
2026-09-15 22:38:11,Alface Experimental #01,VEGETATIVO,0.0,PLANTA MORTA,10.0,0.0,5.0,2.0,0.0,2.0
2026-09-15 22:38:12,Alface Experimental #01,VEGETATIVO,0.0,PLANTA MORTA,10.0,0.0,5.0,2.0,0.0,2.0
2026-09-15 22:38:13,Alface Experimental #01,VEGETATIVO,0.0,PLANTA MORTA,10.0,0.0,5.0,2.0,0.0,2.0
2026-09-15 22:38:14,Alface Experimental #01,VEGETATIVO,0.0,PLANTA MORTA,10.0,0.0,5.0,2.0,0.0,2.0
2026-09-15 22:38:16,Alface Experimental #01,VEGETATIVO,0.0,PLANTA MORTA,10.0,0.0,5.0,2.0,0.0,2.0
2026-09-15 22:38:17,Alface Experimental #01,VEGETATIVO,0.0,PLANTA MORTA,10.0,0.0,5.0,2.0,0.0,2.0
2026-09-15 22:38:18,Alface Experimental #01,VEGETATIVO,0.0,PLANTA MORTA,10.0,0.0,5.0,2.0,0.0,2.0
2026-09-15 22:38:19,Alface Experimental #01,VEGETATIVO,0.0,PLANTA MORTA,10.0,0.0,5.0,2.0,0.0,2.0
2026-09-15 22:38:20,Alface Experimental #01,VEGETATIVO,0.0,PLANTA MORTA,10.0,0.0,5.0,2.0,0.0,2.0
2026-09-15 22:38:21,Alface Experimental #01,VEGETATIVO,0.0,PLANTA MORTA,10.0,0.0,5.0,2.0,0.0,2.0
2026-09-15 22:38:22,Alface Experimental #01,VEGETATIVO,0.0,PLANTA MORTA,10.0,0.0,5.0,2.0,0.0,2.0
2026-09-15 22:38:24,Alface Experimental #01,VEGETATIVO,0.0,PLANTA MORTA,10.0,0.0,5.0,2.0,0.0,2.0
2026-09-15 22:38:25,Alface Experimental #01,VEGETATIVO,0.0,PLANTA MORTA,10.0,0.0,5.0,2.0,0.0,2.0
2026-09-15 22:38:26,Alface Experimental #01,VEGETATIVO,0.0,PLANTA MORTA,10.0,0.0,5.0,2.0,0.0,2.0
2026-09-15 22:38:27,Alface Experimental #01,VEGETATIVO,0.0,PLANTA MORTA,10.0,0.0,5.0,2.0,0.0,2.0
2026-09-15 22:38:28,Alface Experimental #01,VEGETATIVO,0.0,PLANTA MORTA,10.0,0.0,5.0,2.0,0.0,2.0
2026-09-15 22:38:29,Alface Experimental #01,VEGETATIVO,0.0,PLANTA MORTA,10.0,0.0,5.0,2.0,0.0,2.0
2026-09-15 22:38:31,Alface Experimental #01,VEGETATIVO,0.0,PLANTA MORTA,10.0,0.0,5.0,2.0,0.0,2.0
2026-09-15 22:38:32,Alface Experimental #01,VEGETATIVO,0.0,PLANTA MORTA,10.0,0.0,5.0,2.0,0.0,2.0
2026-09-15 22:38:33,Alface Experimental #01,VEGETATIVO,0.0,PLANTA MORTA,10.0,0.0,5.0,2.0,0.0,2.0
2026-09-15 22:38:34,Alface Experimental #01,VEGETATIVO,0.0,PLANTA MORTA,10.0,0.0,5.0,2.0,0.0,2.0
2026-09-15 22:38:35,Alface Experimental #01,VEGETATIVO,0.0,PLANTA MORTA,10.0,0.0,5.0,2.0,0.0,2.0
2026-09-15 22:38:36,Alface Experimental #01,VEGETATIVO,0.0,PLANTA MORTA,10.0,0.0,5.0,2.0,0.0,2.0
2026-09-15 22:38:37,Alface Experimental #01,VEGETATIVO,0.0,PLANTA MORTA,10.0,0.0,5.0,2.0,0.0,2.0
2026-09-15 22:38:39,Alface Experimental #01,VEGETATIVO,0.0,PLANTA MORTA,10.0,0.0,5.0,2.0,0.0,2.0
2026-09-15 22:38:40,Alface Experimental #01,VEGETATIVO,0.0,PLANTA MORTA,10.0,0.0,5.0,2.0,0.0,2.0
2026-09-15 22:38:41,Alface Experimental #01,VEGETATIVO,0.0,PLANTA MORTA,10.0,0.0,5.0,2.0,0.0,2.0
2026-09-15 22:38:42,Alface Experimental #01,VEGETATIVO,0.0,PLANTA MORTA,10.0,0.0,5.0,2.0,0.0,2.0
2026-09-15 22:38:43,Alface Experimental #01,VEGETATIVO,0.0,PLANTA MORTA,10.0,0.0,5.0,2.0,0.0,2.0
2026-09-15 22:38:44,Alface Experimental #01,VEGETATIVO,0.0,PLANTA MORTA,10.0,0.0,5.0,2.0,0.0,2.0
2026-09-15 22:38:46,Alface Experimental #01,VEGETATIVO,0.0,PLANTA MORTA,10.0,0.0,5.0,2.0,0.0,2.0
2026-09-15 22:38:47,Alface Experimental #01,VEGETATIVO,0.0,PLANTA MORTA,10.0,0.0,5.0,2.0,0.0,2.0
2026-09-15 22:38:48,Alface Experimental #01,VEGETATIVO,0.0,PLANTA MORTA,10.0,0.0,5.0,2.0,0.0,2.0
2026-09-15 22:38:49,Alface Experimental #01,VEGETATIVO,0.0,PLANTA MORTA,10.0,0.0,5.0,2.0,0.0,2.0
2026-09-15 22:38:50,Alface Experimental #01,VEGETATIVO,0.0,PLANTA MORTA,10.0,0.0,5.0,2.0,0.0,2.0
2026-09-15 22:38:51,Alface Experimental #01,VEGETATIVO,0.0,PLANTA MORTA,10.0,0.0,5.0,2.0,0.0,2.0
2026-09-15 22:38:52,Alface Experimental #01,VEGETATIVO,0.0,PLANTA MORTA,10.0,0.0,5.0,2.0,0.0,2.0
2026-09-15 22:38:54,Alface Experimental #01,VEGETATIVO,0.0,PLANTA MORTA,10.0,0.0,5.0,2.0,0.0,2.0
2026-09-15 22:38:55,Alface Experimental #01,VEGETATIVO,0.0,PLANTA MORTA,10.0,0.0,5.0,2.0,0.0,2.0
2026-09-15 22:38:56,Alface Experimental #01,VEGETATIVO,0.0,PLANTA MORTA,10.0,0.0,5.0,2.0,0.0,2.0
2026-09-15 22:38:57,Alface Experimental #01,VEGETATIVO,0.0,PLANTA MORTA,10.0,0.0,5.0,2.0,0.0,2.0
2026-09-15 22:38:58,Alface Experimental #01,VEGETATIVO,0.0,PLANTA MORTA,10.0,0.0,5.0,2.0,0.0,2.0
2026-09-15 22:38:59,Alface Experimental #01,VEGETATIVO,0.0,PLANTA MORTA,10.0,0.0,5.0,2.0,0.0,2.0
2026-09-15 22:39:01,Alface Experimental #01,VEGETATIVO,0.0,PLANTA MORTA,10.0,0.0,5.0,2.0,0.0,2.0
2026-09-15 22:39:02,Alface Experimental #01,VEGETATIVO,0.0,PLANTA MORTA,10.0,0.0,5.0,2.0,0.0,2.0
2026-09-15 22:39:03,Alface Experimental #01,VEGETATIVO,0.0,PLANTA MORTA,10.0,0.0,5.0,2.0,0.0,2.0
2026-09-15 22:39:04,Alface Experimental #01,VEGETATIVO,0.0,PLANTA MORTA,10.0,0.0,5.0,2.0,0.0,2.0
2026-09-15 22:39:05,Alface Experimental #01,VEGETATIVO,0.0,PLANTA MORTA,10.0,0.0,5.0,2.0,0.0,2.0
2026-09-15 22:39:06,Alface Experimental #01,VEGETATIVO,0.0,PLANTA MORTA,10.0,0.0,5.0,2.0,0.0,2.0
2026-09-15 22:39:07,Alface Experimental #01,VEGETATIVO,0.0,PLANTA MORTA,10.0,0.0,5.0,2.0,0.0,2.0
2026-09-15 22:39:09,Alface Experimental #01,VEGETATIVO,0.0,PLANTA MORTA,10.0,0.0,5.0,2.0,0.0,2.0
2026-09-15 22:39:10,Alface Experimental #01,VEGETATIVO,0.0,PLANTA MORTA,10.0,0.0,5.0,2.0,0.0,2.0
2026-09-15 22:39:11,Alface Experimental #01,VEGETATIVO,0.0,PLANTA MORTA,10.0,0.0,5.0,2.0,0.0,2.0
2026-09-15 22:39:12,Alface Experimental #01,VEGETATIVO,0.0,PLANTA MORTA,10.0,0.0,5.0,2.0,0.0,2.0
2026-09-15 22:39:13,Alface Experimental #01,VEGETATIVO,0.0,PLANTA MORTA,10.0,0.0,5.0,2.0,0.0,2.0
2026-09-15 22:39:14,Alface Experimental #01,VEGETATIVO,0.0,PLANTA MORTA,10.0,0.0,5.0,2.0,0.0,2.0
2026-09-15 22:39:16,Alface Experimental #01,VEGETATIVO,0.0,PLANTA MORTA,10.0,0.0,5.0,2.0,0.0,2.0
2026-09-15 22:39:17,Alface Experimental #01,VEGETATIVO,0.0,PLANTA MORTA,10.0,0.0,5.0,2.0,0.0,2.0
2026-09-15 22:39:18,Alface Experimental #01,VEGETATIVO,0.0,PLANTA MORTA,10.0,0.0,5.0,2.0,0.0,2.0
2026-09-15 22:39:19,Alface Experimental #01,VEGETATIVO,0.0,PLANTA MORTA,10.0,0.0,5.0,2.0,0.0,2.0
2026-09-15 22:39:20,Alface Experimental #01,VEGETATIVO,0.0,PLANTA MORTA,10.0,0.0,5.0,2.0,0.0,2.0
2026-09-15 22:39:21,Alface Experimental #01,VEGETATIVO,0.0,PLANTA MORTA,10.0,0.0,5.0,2.0,0.0,2.0
2026-09-15 22:39:23,Alface Experimental #01,VEGETATIVO,0.0,PLANTA MORTA,10.0,0.0,5.0,2.0,0.0,2.0
2026-09-15 22:39:24,Alface Experimental #01,VEGETATIVO,0.0,PLANTA MORTA,10.0,0.0,5.0,2.0,0.0,2.0
2026-09-15 22:39:25,Alface Experimental #01,VEGETATIVO,0.0,PLANTA MORTA,10.0,0.0,5.0,2.0,0.0,2.0
2026-09-15 22:39:26,Alface Experimental #01,VEGETATIVO,0.0,PLANTA MORTA,10.0,0.0,5.0,2.0,0.0,2.0
2026-09-15 22:39:27,Alface Experimental #01,VEGETATIVO,0.0,PLANTA MORTA,10.0,0.0,5.0,2.0,0.0,2.0
2026-09-15 22:39:28,Alface Experimental #01,VEGETATIVO,0.0,PLANTA MORTA,10.0,0.0,5.0,2.0,0.0,2.0
2026-09-15 22:39:29,Alface Experimental #01,VEGETATIVO,0.0,PLANTA MORTA,10.0,0.0,5.0,2.0,0.0,2.0
2026-09-15 22:39:31,Alface Experimental #01,VEGETATIVO,0.0,PLANTA MORTA,10.0,0.0,5.0,2.0,0.0,2.0
2026-09-15 22:39:32,Alface Experimental #01,VEGETATIVO,0.0,PLANTA MORTA,10.0,0.0,5.0,2.0,0.0,2.0
2026-09-15 22:39:33,Alface Experimental #01,VEGETATIVO,0.0,PLANTA MORTA,10.0,0.0,5.0,2.0,0.0,2.0
2026-09-15 22:39:34,Alface Experimental #01,VEGETATIVO,0.0,PLANTA MORTA,10.0,0.0,5.0,2.0,0.0,2.0
2026-09-15 22:39:35,Alface Experimental #01,VEGETATIVO,0.0,PLANTA MORTA,10.0,0.0,5.0,2.0,0.0,2.0
2026-09-15 22:39:36,Alface Experimental #01,VEGETATIVO,0.0,PLANTA MORTA,10.0,0.0,5.0,2.0,0.0,2.0
2026-09-15 22:39:38,Alface Experimental #01,VEGETATIVO,0.0,PLANTA MORTA,10.0,0.0,5.0,2.0,0.0,2.0
2026-09-15 22:39:39,Alface Experimental #01,VEGETATIVO,0.0,PLANTA MORTA,10.0,0.0,5.0,2.0,0.0,2.0
2026-09-15 22:39:40,Alface Experimental #01,VEGETATIVO,0.0,PLANTA MORTA,10.0,0.0,5.0,2.0,0.0,2.0
2026-09-15 22:39:41,Alface Experimental #01,VEGETATIVO,0.0,PLANTA MORTA,10.0,0.0,5.0,2.0,0.0,2.0
2026-09-15 22:39:42,Alface Experimental #01,VEGETATIVO,0.0,PLANTA MORTA,10.0,0.0,5.0,2.0,0.0,2.0
2026-09-15 22:39:43,Alface Experimental #01,VEGETATIVO,0.0,PLANTA MORTA,10.0,0.0,5.0,2.0,0.0,2.0
2026-09-15 22:39:44,Alface Experimental #01,VEGETATIVO,0.0,PLANTA MORTA,10.0,0.0,5.0,2.0,0.0,2.0
2026-09-15 22:39:46,Alface Experimental #01,VEGETATIVO,0.0,PLANTA MORTA,10.0,0.0,5.0,2.0,0.0,2.0
2026-09-15 22:39:47,Alface Experimental #01,VEGETATIVO,0.0,PLANTA MORTA,10.0,0.0,5.0,2.0,0.0,2.0
2026-09-15 22:39:48,Alface Experimental #01,VEGETATIVO,0.0,PLANTA MORTA,10.0,0.0,5.0,2.0,0.0,2.0
2026-09-15 22:39:49,Alface Experimental #01,VEGETATIVO,0.0,PLANTA MORTA,10.0,0.0,5.0,2.0,0.0,2.0
2026-09-15 22:39:50,Alface Experimental #01,VEGETATIVO,0.0,PLANTA MORTA,10.0,0.0,5.0,2.0,0.0,2.0
2026-09-15 22:39:51,Alface Experimental #01,VEGETATIVO,0.0,PLANTA MORTA,10.0,0.0,5.0,2.0,0.0,2.0
2026-09-15 22:39:53,Alface Experimental #01,VEGETATIVO,0.0,PLANTA MORTA,10.0,0.0,5.0,2.0,0.0,2.0
2026-09-15 22:39:54,Alface Experimental #01,VEGETATIVO,0.0,PLANTA MORTA,10.0,0.0,5.0,2.0,0.0,2.0
2026-09-15 22:39:55,Alface Experimental #01,VEGETATIVO,0.0,PLANTA MORTA,10.0,0.0,5.0,2.0,0.0,2.0
2026-09-15 22:39:56,Alface Experimental #01,VEGETATIVO,0.0,PLANTA MORTA,10.0,0.0,5.0,2.0,0.0,2.0
2026-09-15 22:39:57,Alface Experimental #01,VEGETATIVO,0.0,PLANTA MORTA,10.0,0.0,5.0,2.0,0.0,2.0
2026-09-15 22:39:58,Alface Experimental #01,VEGETATIVO,0.0,PLANTA MORTA,10.0,0.0,5.0,2.0,0.0,2.0
2026-09-15 22:39:59,Alface Experimental #01,VEGETATIVO,0.0,PLANTA MORTA,10.0,0.0,5.0,2.0,0.0,2.0
2026-09-15 22:40:01,Alface Experimental #01,VEGETATIVO,0.0,PLANTA MORTA,10.0,0.0,5.0,2.0,0.0,2.0
2026-09-15 22:40:02,Alface Experimental #01,VEGETATIVO,0.0,PLANTA MORTA,10.0,0.0,5.0,2.0,0.0,2.0
2026-09-15 22:40:03,Alface Experimental #01,VEGETATIVO,0.0,PLANTA MORTA,10.0,0.0,5.0,2.0,0.0,2.0
2026-09-15 22:40:04,Alface Experimental #01,VEGETATIVO,0.0,PLANTA MORTA,10.0,0.0,5.0,2.0,0.0,2.0
2026-09-15 22:40:05,Alface Experimental #01,VEGETATIVO,0.0,PLANTA MORTA,10.0,0.0,5.0,2.0,0.0,2.0
2026-09-15 22:40:06,Alface Experimental #01,VEGETATIVO,0.0,PLANTA MORTA,10.0,0.0,5.0,2.0,0.0,2.0
2026-09-15 22:40:08,Alface Experimental #01,VEGETATIVO,0.0,PLANTA MORTA,10.0,0.0,5.0,2.0,0.0,2.0
2026-09-15 22:40:09,Alface Experimental #01,VEGETATIVO,0.0,PLANTA MORTA,10.0,0.0,5.0,2.0,0.0,2.0
2026-09-15 22:40:10,Alface Experimental #01,VEGETATIVO,0.0,PLANTA MORTA,10.0,0.0,5.0,2.0,0.0,2.0
2026-09-15 22:40:11,Alface Experimental #01,VEGETATIVO,0.0,PLANTA MORTA,10.0,0.0,5.0,2.0,0.0,2.0
2026-09-15 22:40:12,Alface Experimental #01,VEGETATIVO,0.0,PLANTA MORTA,10.0,0.0,5.0,2.0,0.0,2.0
2026-09-15 22:40:13,Alface Experimental #01,VEGETATIVO,0.0,PLANTA MORTA,10.0,0.0,5.0,2.0,0.0,2.0
2026-09-15 22:40:14,Alface Experimental #01,VEGETATIVO,0.0,PLANTA MORTA,10.0,0.0,5.0,2.0,0.0,2.0
2026-09-15 22:40:16,Alface Experimental #01,VEGETATIVO,0.0,PLANTA MORTA,10.0,0.0,5.0,2.0,0.0,2.0
2026-09-15 22:40:17,Alface Experimental #01,VEGETATIVO,0.0,PLANTA MORTA,10.0,0.0,5.0,2.0,0.0,2.0
2026-09-15 22:40:18,Alface Experimental #01,VEGETATIVO,0.0,PLANTA MORTA,10.0,0.0,5.0,2.0,0.0,2.0
2026-09-15 22:40:19,Alface Experimental #01,VEGETATIVO,0.0,PLANTA MORTA,10.0,0.0,5.0,2.0,0.0,2.0
2026-09-15 22:40:20,Alface Experimental #01,VEGETATIVO,0.0,PLANTA MORTA,10.0,0.0,5.0,2.0,0.0,2.0
2026-09-15 22:40:22,Alface Experimental #01,VEGETATIVO,0.0,PLANTA MORTA,10.0,0.0,5.0,2.0,0.0,2.0
2026-09-15 22:40:23,Alface Experimental #01,VEGETATIVO,0.0,PLANTA MORTA,10.0,0.0,5.0,2.0,0.0,2.0
2026-09-15 22:40:24,Alface Experimental #01,VEGETATIVO,0.0,PLANTA MORTA,10.0,0.0,5.0,2.0,0.0,2.0
2026-09-15 22:40:25,Alface Experimental #01,VEGETATIVO,0.0,PLANTA MORTA,10.0,0.0,5.0,2.0,0.0,2.0
2026-09-15 22:40:26,Alface Experimental #01,VEGETATIVO,0.0,PLANTA MORTA,10.0,0.0,5.0,2.0,0.0,2.0
2026-09-15 22:40:27,Alface Experimental #01,VEGETATIVO,0.0,PLANTA MORTA,10.0,0.0,5.0,2.0,0.0,2.0
2026-09-15 22:40:29,Alface Experimental #01,VEGETATIVO,0.0,PLANTA MORTA,10.0,0.0,5.0,2.0,0.0,2.0
2026-09-15 22:40:30,Alface Experimental #01,VEGETATIVO,0.0,PLANTA MORTA,10.0,0.0,5.0,2.0,0.0,2.0
2026-09-15 22:40:31,Alface Experimental #01,VEGETATIVO,0.0,PLANTA MORTA,10.0,0.0,5.0,2.0,0.0,2.0
2026-09-15 22:40:32,Alface Experimental #01,VEGETATIVO,0.0,PLANTA MORTA,10.0,0.0,5.0,2.0,0.0,2.0
2026-09-15 22:40:33,Alface Experimental #01,VEGETATIVO,0.0,PLANTA MORTA,10.0,0.0,5.0,2.0,0.0,2.0
2026-09-15 22:40:34,Alface Experimental #01,VEGETATIVO,0.0,PLANTA MORTA,10.0,0.0,5.0,2.0,0.0,2.0
2026-09-15 22:40:35,Alface Experimental #01,VEGETATIVO,0.0,PLANTA MORTA,10.0,0.0,5.0,2.0,0.0,2.0
2026-09-15 22:40:37,Alface Experimental #01,VEGETATIVO,0.0,PLANTA MORTA,10.0,0.0,5.0,2.0,0.0,2.0
2026-09-15 22:40:38,Alface Experimental #01,VEGETATIVO,0.0,PLANTA MORTA,10.0,0.0,5.0,2.0,0.0,2.0
2026-09-15 22:40:39,Alface Experimental #01,VEGETATIVO,0.0,PLANTA MORTA,10.0,0.0,5.0,2.0,0.0,2.0
2026-09-15 22:40:40,Alface Experimental #01,VEGETATIVO,0.0,PLANTA MORTA,10.0,0.0,5.0,2.0,0.0,2.0
2026-09-15 22:40:41,Alface Experimental #01,VEGETATIVO,0.0,PLANTA MORTA,10.0,0.0,5.0,2.0,0.0,2.0
2026-09-15 22:40:42,Alface Experimental #01,VEGETATIVO,0.0,PLANTA MORTA,10.0,0.0,5.0,2.0,0.0,2.0
2026-09-15 22:40:43,Alface Experimental #01,VEGETATIVO,0.0,PLANTA MORTA,10.0,0.0,5.0,2.0,0.0,2.0
2026-09-15 22:40:45,Alface Experimental #01,VEGETATIVO,0.0,PLANTA MORTA,10.0,0.0,5.0,2.0,0.0,2.0
2026-09-15 22:40:46,Alface Experimental #01,VEGETATIVO,0.0,PLANTA MORTA,10.0,0.0,5.0,2.0,0.0,2.0
2026-09-15 22:40:47,Alface Experimental #01,VEGETATIVO,0.0,PLANTA MORTA,10.0,0.0,5.0,2.0,0.0,2.0
2026-09-15 22:40:48,Alface Experimental #01,VEGETATIVO,0.0,PLANTA MORTA,10.0,0.0,5.0,2.0,0.0,2.0
2026-09-15 22:40:49,Alface Experimental #01,VEGETATIVO,0.0,PLANTA MORTA,10.0,0.0,5.0,2.0,0.0,2.0
2026-09-15 22:40:50,Alface Experimental #01,VEGETATIVO,0.0,PLANTA MORTA,10.0,0.0,5.0,2.0,0.0,2.0
2026-09-15 22:40:51,Alface Experimental #01,VEGETATIVO,0.0,PLANTA MORTA,10.0,0.0,5.0,2.0,0.0,2.0
2026-09-15 22:40:53,Alface Experimental #01,VEGETATIVO,0.0,PLANTA MORTA,10.0,0.0,5.0,2.0,0.0,2.0
2026-09-15 22:40:54,Alface Experimental #01,VEGETATIVO,0.0,PLANTA MORTA,10.0,0.0,5.0,2.0,0.0,2.0
2026-09-15 22:40:55,Alface Experimental #01,VEGETATIVO,0.0,PLANTA MORTA,10.0,0.0,5.0,2.0,0.0,2.0
2026-09-15 22:40:56,Alface Experimental #01,VEGETATIVO,0.0,PLANTA MORTA,10.0,0.0,5.0,2.0,0.0,2.0
2026-09-15 22:40:57,Alface Experimental #01,VEGETATIVO,0.0,PLANTA MORTA,10.0,0.0,5.0,2.0,0.0,2.0
2026-09-15 22:40:58,Alface Experimental #01,VEGETATIVO,0.0,PLANTA MORTA,10.0,0.0,5.0,2.0,0.0,2.0
2026-09-15 22:40:59,Alface Experimental #01,VEGETATIVO,0.0,PLANTA MORTA,10.0,0.0,5.0,2.0,0.0,2.0
2026-09-15 22:41:01,Alface Experimental #01,VEGETATIVO,0.0,PLANTA MORTA,10.0,0.0,5.0,2.0,0.0,2.0
2026-09-15 22:41:02,Alface Experimental #01,VEGETATIVO,0.0,PLANTA MORTA,10.0,0.0,5.0,2.0,0.0,2.0
2026-09-15 22:41:03,Alface Experimental #01,VEGETATIVO,0.0,PLANTA MORTA,10.0,0.0,5.0,2.0,0.0,2.0
2026-09-15 22:41:04,Alface Experimental #01,VEGETATIVO,0.0,PLANTA MORTA,10.0,0.0,5.0,2.0,0.0,2.0
2026-09-15 22:41:05,Alface Experimental #01,VEGETATIVO,0.0,PLANTA MORTA,10.0,0.0,5.0,2.0,0.0,2.0
2026-09-15 22:41:06,Alface Experimental #01,VEGETATIVO,0.0,PLANTA MORTA,10.0,0.0,5.0,2.0,0.0,2.0
2026-09-15 22:41:08,Alface Experimental #01,VEGETATIVO,0.0,PLANTA MORTA,10.0,0.0,5.0,2.0,0.0,2.0
2026-09-15 22:41:09,Alface Experimental #01,VEGETATIVO,0.0,PLANTA MORTA,10.0,0.0,5.0,2.0,0.0,2.0
2026-09-15 22:41:10,Alface Experimental #01,VEGETATIVO,0.0,PLANTA MORTA,10.0,0.0,5.0,2.0,0.0,2.0
2026-09-15 22:41:11,Alface Experimental #01,VEGETATIVO,0.0,PLANTA MORTA,10.0,0.0,5.0,2.0,0.0,2.0
2026-09-15 22:41:12,Alface Experimental #01,VEGETATIVO,0.0,PLANTA MORTA,10.0,0.0,5.0,2.0,0.0,2.0
2026-09-15 22:41:13,Alface Experimental #01,VEGETATIVO,0.0,PLANTA MORTA,10.0,0.0,5.0,2.0,0.0,2.0
2026-09-15 22:41:14,Alface Experimental #01,VEGETATIVO,0.0,PLANTA MORTA,10.0,0.0,5.0,2.0,0.0,2.0
2026-09-15 22:41:16,Alface Experimental #01,VEGETATIVO,0.0,PLANTA MORTA,10.0,0.0,5.0,2.0,0.0,2.0
2026-09-15 22:41:17,Alface Experimental #01,VEGETATIVO,0.0,PLANTA MORTA,10.0,0.0,5.0,2.0,0.0,2.0
2026-09-15 22:41:18,Alface Experimental #01,VEGETATIVO,0.0,PLANTA MORTA,10.0,0.0,5.0,2.0,0.0,2.0
2026-09-15 22:41:19,Alface Experimental #01,VEGETATIVO,0.0,PLANTA MORTA,10.0,0.0,5.0,2.0,0.0,2.0
2026-09-15 22:41:20,Alface Experimental #01,VEGETATIVO,0.0,PLANTA MORTA,10.0,0.0,5.0,2.0,0.0,2.0
2026-09-15 22:41:21,Alface Experimental #01,VEGETATIVO,0.0,PLANTA MORTA,10.0,0.0,5.0,2.0,0.0,2.0
2026-09-15 22:41:23,Alface Experimental #01,VEGETATIVO,0.0,PLANTA MORTA,10.0,0.0,5.0,2.0,0.0,2.0
2026-09-15 22:41:24,Alface Experimental #01,VEGETATIVO,0.0,PLANTA MORTA,10.0,0.0,5.0,2.0,0.0,2.0
2026-09-15 22:41:25,Alface Experimental #01,VEGETATIVO,0.0,PLANTA MORTA,10.0,0.0,5.0,2.0,0.0,2.0
2026-09-15 22:41:26,Alface Experimental #01,VEGETATIVO,0.0,PLANTA MORTA,10.0,0.0,5.0,2.0,0.0,2.0
2026-09-15 22:41:27,Alface Experimental #01,VEGETATIVO,0.0,PLANTA MORTA,10.0,0.0,5.0,2.0,0.0,2.0
2026-09-15 22:41:28,Alface Experimental #01,VEGETATIVO,0.0,PLANTA MORTA,10.0,0.0,5.0,2.0,0.0,2.0
2026-09-15 22:41:29,Alface Experimental #01,VEGETATIVO,0.0,PLANTA MORTA,10.0,0.0,5.0,2.0,0.0,2.0
2026-09-15 22:41:31,Alface Experimental #01,VEGETATIVO,0.0,PLANTA MORTA,10.0,0.0,5.0,2.0,0.0,2.0
2026-09-15 22:41:32,Alface Experimental #01,VEGETATIVO,0.0,PLANTA MORTA,10.0,0.0,5.0,2.0,0.0,2.0
2026-09-15 22:41:33,Alface Experimental #01,VEGETATIVO,0.0,PLANTA MORTA,10.0,0.0,5.0,2.0,0.0,2.0
2026-09-15 22:41:34,Alface Experimental #01,VEGETATIVO,0.0,PLANTA MORTA,10.0,0.0,5.0,2.0,0.0,2.0
2026-09-15 22:41:35,Alface Experimental #01,VEGETATIVO,0.0,PLANTA MORTA,10.0,0.0,5.0,2.0,0.0,2.0
2026-09-15 22:41:36,Alface Experimental #01,VEGETATIVO,0.0,PLANTA MORTA,10.0,0.0,5.0,2.0,0.0,2.0
2026-09-15 22:41:38,Alface Experimental #01,VEGETATIVO,0.0,PLANTA MORTA,10.0,0.0,5.0,2.0,0.0,2.0
2026-09-15 22:41:39,Alface Experimental #01,VEGETATIVO,0.0,PLANTA MORTA,10.0,0.0,5.0,2.0,0.0,2.0
2026-09-15 22:41:40,Alface Experimental #01,VEGETATIVO,0.0,PLANTA MORTA,10.0,0.0,5.0,2.0,0.0,2.0
2026-09-15 22:41:41,Alface Experimental #01,VEGETATIVO,0.0,PLANTA MORTA,10.0,0.0,5.0,2.0,0.0,2.0
2026-09-15 22:41:42,Alface Experimental #01,VEGETATIVO,0.0,PLANTA MORTA,10.0,0.0,5.0,2.0,0.0,2.0
2026-09-15 22:41:43,Alface Experimental #01,VEGETATIVO,0.0,PLANTA MORTA,10.0,0.0,5.0,2.0,0.0,2.0
2026-09-15 22:41:45,Alface Experimental #01,VEGETATIVO,0.0,PLANTA MORTA,10.0,0.0,5.0,2.0,0.0,2.0
2026-09-15 22:41:46,Alface Experimental #01,VEGETATIVO,0.0,PLANTA MORTA,10.0,0.0,5.0,2.0,0.0,2.0
2026-09-15 22:41:47,Alface Experimental #01,VEGETATIVO,0.0,PLANTA MORTA,10.0,0.0,5.0,2.0,0.0,2.0
2026-09-15 22:41:48,Alface Experimental #01,VEGETATIVO,0.0,PLANTA MORTA,10.0,0.0,5.0,2.0,0.0,2.0
2026-09-15 22:41:49,Alface Experimental #01,VEGETATIVO,0.0,PLANTA MORTA,10.0,0.0,5.0,2.0,0.0,2.0
2026-09-15 22:41:50,Alface Experimental #01,VEGETATIVO,0.0,PLANTA MORTA,10.0,0.0,5.0,2.0,0.0,2.0
2026-09-15 22:41:52,Alface Experimental #01,VEGETATIVO,0.0,PLANTA MORTA,10.0,0.0,5.0,2.0,0.0,2.0
2026-09-15 22:41:53,Alface Experimental #01,VEGETATIVO,0.0,PLANTA MORTA,10.0,0.0,5.0,2.0,0.0,2.0
2026-09-15 22:41:54,Alface Experimental #01,VEGETATIVO,0.0,PLANTA MORTA,10.0,0.0,5.0,2.0,0.0,2.0
2026-09-15 22:41:55,Alface Experimental #01,VEGETATIVO,0.0,PLANTA MORTA,10.0,0.0,5.0,2.0,0.0,2.0
2026-09-15 22:41:56,Alface Experimental #01,VEGETATIVO,0.0,PLANTA MORTA,10.0,0.0,5.0,2.0,0.0,2.0
2026-09-15 22:41:57,Alface Experimental #01,VEGETATIVO,0.0,PLANTA MORTA,10.0,0.0,5.0,2.0,0.0,2.0
2026-09-15 22:41:58,Alface Experimental #01,VEGETATIVO,0.0,PLANTA MORTA,10.0,0.0,5.0,2.0,0.0,2.0
2026-09-15 22:42:00,Alface Experimental #01,VEGETATIVO,0.0,PLANTA MORTA,10.0,0.0,5.0,2.0,0.0,2.0
2026-09-15 22:42:01,Alface Experimental #01,VEGETATIVO,0.0,PLANTA MORTA,10.0,0.0,5.0,2.0,0.0,2.0
2026-09-15 22:42:02,Alface Experimental #01,VEGETATIVO,0.0,PLANTA MORTA,10.0,0.0,5.0,2.0,0.0,2.0
2026-09-15 22:42:03,Alface Experimental #01,VEGETATIVO,0.0,PLANTA MORTA,10.0,0.0,5.0,2.0,0.0,2.0
2026-09-15 22:42:04,Alface Experimental #01,VEGETATIVO,0.0,PLANTA MORTA,10.0,0.0,5.0,2.0,0.0,2.0
2026-09-15 22:42:05,Alface Experimental #01,VEGETATIVO,0.0,PLANTA MORTA,10.0,0.0,5.0,2.0,0.0,2.0
2026-09-15 22:42:07,Alface Experimental #01,VEGETATIVO,0.0,PLANTA MORTA,10.0,0.0,5.0,2.0,0.0,2.0
2026-09-15 22:42:08,Alface Experimental #01,VEGETATIVO,0.0,PLANTA MORTA,10.0,0.0,5.0,2.0,0.0,2.0
2026-09-15 22:42:09,Alface Experimental #01,VEGETATIVO,0.0,PLANTA MORTA,10.0,0.0,5.0,2.0,0.0,2.0
2026-09-15 22:42:10,Alface Experimental #01,VEGETATIVO,0.0,PLANTA MORTA,10.0,0.0,5.0,2.0,0.0,2.0
2026-09-15 22:42:11,Alface Experimental #01,VEGETATIVO,0.0,PLANTA MORTA,10.0,0.0,5.0,2.0,0.0,2.0
2026-09-15 22:42:12,Alface Experimental #01,VEGETATIVO,0.0,PLANTA MORTA,10.0,0.0,5.0,2.0,0.0,2.0
2026-09-15 22:42:14,Alface Experimental #01,VEGETATIVO,0.0,PLANTA MORTA,10.0,0.0,5.0,2.0,0.0,2.0
2026-09-15 22:42:15,Alface Experimental #01,VEGETATIVO,0.0,PLANTA MORTA,10.0,0.0,5.0,2.0,0.0,2.0
2026-09-15 22:42:16,Alface Experimental #01,VEGETATIVO,0.0,PLANTA MORTA,10.0,0.0,5.0,2.0,0.0,2.0
2026-09-15 22:42:17,Alface Experimental #01,VEGETATIVO,0.0,PLANTA MORTA,10.0,0.0,5.0,2.0,0.0,2.0
2026-09-15 22:42:18,Alface Experimental #01,VEGETATIVO,0.0,PLANTA MORTA,10.0,0.0,5.0,2.0,0.0,2.0
2026-09-15 22:42:19,Alface Experimental #01,VEGETATIVO,0.0,PLANTA MORTA,10.0,0.0,5.0,2.0,0.0,2.0
2026-09-15 22:42:20,Alface Experimental #01,VEGETATIVO,0.0,PLANTA MORTA,10.0,0.0,5.0,2.0,0.0,2.0
2026-09-15 22:42:22,Alface Experimental #01,VEGETATIVO,0.0,PLANTA MORTA,10.0,0.0,5.0,2.0,0.0,2.0
2026-09-15 22:42:23,Alface Experimental #01,VEGETATIVO,0.0,PLANTA MORTA,10.0,0.0,5.0,2.0,0.0,2.0
2026-09-15 22:42:24,Alface Experimental #01,VEGETATIVO,0.0,PLANTA MORTA,10.0,0.0,5.0,2.0,0.0,2.0
2026-09-15 22:42:25,Alface Experimental #01,VEGETATIVO,0.0,PLANTA MORTA,10.0,0.0,5.0,2.0,0.0,2.0
2026-09-15 22:42:26,Alface Experimental #01,VEGETATIVO,0.0,PLANTA MORTA,10.0,0.0,5.0,2.0,0.0,2.0
2026-09-15 22:42:27,Alface Experimental #01,VEGETATIVO,0.0,PLANTA MORTA,10.0,0.0,5.0,2.0,0.0,2.0
2026-09-15 22:42:29,Alface Experimental #01,VEGETATIVO,0.0,PLANTA MORTA,10.0,0.0,5.0,2.0,0.0,2.0
2026-09-15 22:59:53,Alface Experimental #01,VEGETATIVO,100.0,SAUDÁVEL,24.5,60.0,22.0,6.0,1.4,100.0
2026-09-15 22:59:54,Alface Experimental #01,VEGETATIVO,100.0,SAUDÁVEL,24.5,60.0,22.0,6.0,1.4,100.0
2026-09-15 22:59:56,Alface Experimental #01,VEGETATIVO,100.0,SAUDÁVEL,24.5,60.0,22.0,6.0,1.4,100.0
2026-09-15 22:59:57,Alface Experimental #01,VEGETATIVO,100.0,SAUDÁVEL,24.5,60.0,22.0,6.0,1.4,100.0
2026-09-15 22:59:58,Alface Experimental #01,VEGETATIVO,100.0,SAUDÁVEL,24.5,60.0,22.0,6.0,1.4,100.0
2026-09-15 22:59:59,Alface Experimental #01,VEGETATIVO,100.0,SAUDÁVEL,24.5,60.0,22.0,6.0,1.4,100.0
2026-09-15 23:00:00,Alface Experimental #01,VEGETATIVO,100.0,SAUDÁVEL,24.5,60.0,22.0,6.0,1.4,100.0
2026-09-15 23:00:01,Alface Experimental #01,VEGETATIVO,100.0,SAUDÁVEL,24.5,60.0,22.0,6.0,1.4,100.0
2026-09-15 23:00:02,Alface Experimental #01,VEGETATIVO,100.0,SAUDÁVEL,24.5,60.0,22.0,6.0,1.4,100.0
2026-09-15 23:00:04,Alface Experimental #01,VEGETATIVO,100.0,SAUDÁVEL,24.5,60.0,22.0,6.0,1.4,100.0
2026-09-15 23:00:05,Alface Experimental #01,VEGETATIVO,100.0,SAUDÁVEL,24.5,60.0,22.0,6.0,1.4,100.0
2026-09-15 23:00:06,Alface Experimental #01,VEGETATIVO,100.0,SAUDÁVEL,24.5,60.0,22.0,6.0,1.4,100.0
2026-09-15 23:00:07,Alface Experimental #01,VEGETATIVO,100.0,SAUDÁVEL,24.5,60.0,22.0,6.0,1.4,100.0
2026-09-15 23:00:08,Alface Experimental #01,VEGETATIVO,100.0,SAUDÁVEL,24.5,60.0,22.0,6.0,1.4,100.0
2026-09-15 23:00:09,Alface Experimental #01,VEGETATIVO,100.0,SAUDÁVEL,24.5,60.0,22.0,6.0,1.4,100.0
2026-09-15 23:00:11,Alface Experimental #01,VEGETATIVO,100.0,SAUDÁVEL,24.5,60.0,22.0,6.0,1.4,100.0
2026-09-15 23:00:12,Alface Experimental #01,VEGETATIVO,100.0,SAUDÁVEL,24.5,60.0,22.0,6.0,1.4,100.0
2026-09-15 23:00:13,Alface Experimental #01,VEGETATIVO,100.0,SAUDÁVEL,24.5,60.0,22.0,6.0,1.4,100.0
2026-09-15 23:00:14,Alface Experimental #01,VEGETATIVO,100.0,SAUDÁVEL,24.5,60.0,22.0,6.0,1.4,100.0
2026-09-15 23:00:15,Alface Experimental #01,VEGETATIVO,100.0,SAUDÁVEL,24.5,60.0,22.0,6.0,1.4,100.0
2026-09-15 23:00:16,Alface Experimental #01,VEGETATIVO,100.0,SAUDÁVEL,24.5,60.0,22.0,6.0,1.4,100.0
2026-09-15 23:00:18,Alface Experimental #01,VEGETATIVO,100.0,SAUDÁVEL,24.5,60.0,22.0,6.0,1.4,100.0
2026-09-15 23:00:19,Alface Experimental #01,VEGETATIVO,100.0,SAUDÁVEL,24.5,60.0,22.0,6.0,1.4,100.0
2026-09-15 23:00:20,Alface Experimental #01,VEGETATIVO,100.0,SAUDÁVEL,24.5,60.0,22.0,6.0,1.4,100.0
2026-09-15 23:00:21,Alface Experimental #01,VEGETATIVO,100.0,SAUDÁVEL,24.5,60.0,22.0,6.0,1.4,100.0
2026-09-15 23:00:22,Alface Experimental #01,VEGETATIVO,100.0,SAUDÁVEL,24.5,60.0,22.0,6.0,1.4,100.0
2026-09-15 23:00:23,Alface Experimental #01,VEGETATIVO,100.0,SAUDÁVEL,24.5,60.0,22.0,6.0,1.4,100.0
2026-09-15 23:00:24,Alface Experimental #01,VEGETATIVO,100.0,SAUDÁVEL,24.5,60.0,22.0,6.0,1.4,100.0
2026-09-15 23:00:26,Alface Experimental #01,VEGETATIVO,100.0,SAUDÁVEL,24.5,60.0,22.0,6.0,1.4,100.0
2026-09-15 23:00:27,Alface Experimental #01,VEGETATIVO,100.0,SAUDÁVEL,24.5,60.0,22.0,6.0,1.4,100.0
2026-09-15 23:00:28,Alface Experimental #01,VEGETATIVO,100.0,SAUDÁVEL,24.5,60.0,22.0,6.0,1.4,100.0
2026-09-15 23:00:29,Alface Experimental #01,VEGETATIVO,100.0,SAUDÁVEL,24.5,60.0,22.0,6.0,1.4,100.0
2026-09-15 23:00:30,Alface Experimental #01,VEGETATIVO,100.0,SAUDÁVEL,24.5,60.0,22.0,6.0,1.4,100.0
2026-09-15 23:00:31,Alface Experimental #01,VEGETATIVO,100.0,SAUDÁVEL,24.5,60.0,22.0,6.0,1.4,100.0
2026-09-15 23:00:32,Alface Experimental #01,VEGETATIVO,100.0,SAUDÁVEL,24.5,60.0,22.0,6.0,1.4,100.0
2026-09-15 23:00:34,Alface Experimental #01,VEGETATIVO,100.0,SAUDÁVEL,24.5,60.0,22.0,6.0,1.4,100.0
2026-09-15 23:00:35,Alface Experimental #01,VEGETATIVO,100.0,SAUDÁVEL,24.5,60.0,22.0,6.0,1.4,100.0
2026-09-15 23:00:36,Alface Experimental #01,VEGETATIVO,100.0,SAUDÁVEL,24.5,60.0,22.0,6.0,1.4,100.0
2026-09-15 23:00:37,Alface Experimental #01,VEGETATIVO,100.0,SAUDÁVEL,24.5,60.0,22.0,6.0,1.4,100.0
2026-09-15 23:00:38,Alface Experimental #01,VEGETATIVO,100.0,SAUDÁVEL,24.5,60.0,22.0,6.0,1.4,100.0
2026-09-15 23:00:39,Alface Experimental #01,VEGETATIVO,100.0,SAUDÁVEL,24.5,60.0,22.0,6.0,1.4,100.0
2026-09-15 23:00:41,Alface Experimental #01,VEGETATIVO,100.0,SAUDÁVEL,24.5,60.0,22.0,6.0,1.4,100.0
2026-09-15 23:00:42,Alface Experimental #01,VEGETATIVO,100.0,SAUDÁVEL,24.5,60.0,22.0,6.0,1.4,100.0
2026-09-15 23:00:43,Alface Experimental #01,VEGETATIVO,100.0,SAUDÁVEL,24.5,60.0,22.0,6.0,1.4,100.0
2026-09-15 23:00:44,Alface Experimental #01,VEGETATIVO,100.0,SAUDÁVEL,24.5,60.0,22.0,6.0,1.4,100.0
2026-09-15 23:00:45,Alface Experimental #01,VEGETATIVO,100.0,SAUDÁVEL,24.5,60.0,22.0,6.0,1.4,100.0
2026-09-15 23:00:46,Alface Experimental #01,VEGETATIVO,100.0,SAUDÁVEL,24.5,60.0,22.0,6.0,1.4,100.0
2026-09-15 23:00:48,Alface Experimental #01,VEGETATIVO,100.0,SAUDÁVEL,24.5,60.0,22.0,6.0,1.4,100.0
2026-09-15 23:00:49,Alface Experimental #01,VEGETATIVO,100.0,SAUDÁVEL,24.5,60.0,22.0,6.0,1.4,100.0
2026-09-15 23:00:50,Alface Experimental #01,VEGETATIVO,100.0,SAUDÁVEL,24.5,60.0,22.0,6.0,1.4,100.0
2026-09-15 23:00:51,Alface Experimental #01,VEGETATIVO,100.0,SAUDÁVEL,24.5,60.0,22.0,6.0,1.4,100.0
2026-09-15 23:00:52,Alface Experimental #01,VEGETATIVO,100.0,SAUDÁVEL,24.5,60.0,22.0,6.0,1.4,100.0
2026-09-15 23:00:53,Alface Experimental #01,VEGETATIVO,100.0,SAUDÁVEL,24.5,60.0,22.0,6.0,1.4,100.0
2026-09-15 23:00:54,Alface Experimental #01,VEGETATIVO,100.0,SAUDÁVEL,24.5,60.0,22.0,6.0,1.4,100.0
2026-09-15 23:00:56,Alface Experimental #01,VEGETATIVO,100.0,SAUDÁVEL,24.5,60.0,22.0,6.0,1.4,100.0
2026-09-15 23:00:57,Alface Experimental #01,VEGETATIVO,100.0,SAUDÁVEL,24.5,60.0,22.0,6.0,1.4,100.0
2026-09-15 23:00:58,Alface Experimental #01,VEGETATIVO,100.0,SAUDÁVEL,24.5,60.0,22.0,6.0,1.4,100.0
2026-09-15 23:00:59,Alface Experimental #01,VEGETATIVO,100.0,SAUDÁVEL,24.5,60.0,22.0,6.0,1.4,100.0
2026-09-15 23:01:00,Alface Experimental #01,VEGETATIVO,100.0,SAUDÁVEL,24.5,60.0,22.0,6.0,1.4,100.0
2026-09-15 23:01:01,Alface Experimental #01,VEGETATIVO,100.0,SAUDÁVEL,24.5,60.0,22.0,6.0,1.4,100.0
2026-09-15 23:01:03,Alface Experimental #01,VEGETATIVO,100.0,SAUDÁVEL,24.5,60.0,22.0,6.0,1.4,100.0
2026-09-15 23:01:04,Alface Experimental #01,VEGETATIVO,100.0,SAUDÁVEL,24.5,60.0,22.0,6.0,1.4,100.0
2026-09-15 23:01:05,Alface Experimental #01,VEGETATIVO,100.0,SAUDÁVEL,24.5,60.0,22.0,6.0,1.4,100.0
2026-09-15 23:01:06,Alface Experimental #01,VEGETATIVO,100.0,SAUDÁVEL,24.5,60.0,22.0,6.0,1.4,100.0
2026-09-15 23:01:07,Alface Experimental #01,VEGETATIVO,100.0,SAUDÁVEL,24.5,60.0,22.0,6.0,1.4,100.0
2026-09-15 23:01:08,Alface Experimental #01,VEGETATIVO,100.0,SAUDÁVEL,24.5,60.0,22.0,6.0,1.4,100.0
2026-09-15 23:01:09,Alface Experimental #01,VEGETATIVO,100.0,SAUDÁVEL,24.5,60.0,22.0,6.0,1.4,100.0
2026-09-15 23:01:11,Alface Experimental #01,VEGETATIVO,100.0,SAUDÁVEL,24.5,60.0,22.0,6.0,1.4,100.0
2026-09-15 23:01:12,Alface Experimental #01,VEGETATIVO,100.0,SAUDÁVEL,24.5,60.0,22.0,6.0,1.4,100.0
2026-09-15 23:01:13,Alface Experimental #01,VEGETATIVO,100.0,SAUDÁVEL,24.5,60.0,22.0,6.0,1.4,100.0
2026-09-15 23:01:14,Alface Experimental #01,VEGETATIVO,100.0,SAUDÁVEL,24.5,60.0,22.0,6.0,1.4,100.0
2026-09-15 23:01:15,Alface Experimental #01,VEGETATIVO,100.0,SAUDÁVEL,24.5,60.0,22.0,6.0,1.4,100.0
2026-09-15 23:01:16,Alface Experimental #01,VEGETATIVO,100.0,SAUDÁVEL,24.5,60.0,22.0,6.0,1.4,100.0
2026-09-15 23:01:18,Alface Experimental #01,VEGETATIVO,100.0,SAUDÁVEL,24.5,60.0,22.0,6.0,1.4,100.0
2026-09-15 23:01:19,Alface Experimental #01,VEGETATIVO,100.0,SAUDÁVEL,24.5,60.0,22.0,6.0,1.4,100.0
2026-09-15 23:01:20,Alface Experimental #01,VEGETATIVO,100.0,SAUDÁVEL,24.5,60.0,22.0,6.0,1.4,100.0
2026-09-15 23:01:21,Alface Experimental #01,VEGETATIVO,100.0,SAUDÁVEL,24.5,60.0,22.0,6.0,1.4,100.0
2026-09-15 23:01:22,Alface Experimental #01,VEGETATIVO,100.0,SAUDÁVEL,24.5,60.0,22.0,6.0,1.4,100.0
2026-09-15 23:01:23,Alface Experimental #01,VEGETATIVO,100.0,SAUDÁVEL,24.5,60.0,22.0,6.0,1.4,100.0
2026-09-15 23:01:24,Alface Experimental #01,VEGETATIVO,100.0,SAUDÁVEL,24.5,60.0,22.0,6.0,1.4,100.0
2026-09-15 23:01:26,Alface Experimental #01,VEGETATIVO,100.0,SAUDÁVEL,24.5,60.0,22.0,6.0,1.4,100.0
2026-09-15 23:01:27,Alface Experimental #01,VEGETATIVO,100.0,SAUDÁVEL,24.5,60.0,22.0,6.0,1.4,100.0
2026-09-15 23:01:28,Alface Experimental #01,VEGETATIVO,100.0,SAUDÁVEL,24.5,60.0,22.0,6.0,1.4,100.0
2026-09-15 23:01:29,Alface Experimental #01,VEGETATIVO,100.0,SAUDÁVEL,24.5,60.0,22.0,6.0,1.4,100.0
2026-09-15 23:01:30,Alface Experimental #01,VEGETATIVO,100.0,SAUDÁVEL,24.5,60.0,22.0,6.0,1.4,100.0
2026-09-15 23:01:31,Alface Experimental #01,VEGETATIVO,100.0,SAUDÁVEL,24.5,60.0,22.0,6.0,1.4,100.0
2026-09-15 23:01:33,Alface Experimental #01,VEGETATIVO,100.0,SAUDÁVEL,24.5,60.0,22.0,6.0,1.4,100.0
2026-09-15 23:01:34,Alface Experimental #01,VEGETATIVO,100.0,SAUDÁVEL,24.5,60.0,22.0,6.0,1.4,100.0
2026-09-15 23:01:35,Alface Experimental #01,VEGETATIVO,100.0,SAUDÁVEL,24.5,60.0,22.0,6.0,1.4,100.0
2026-09-15 23:01:36,Alface Experimental #01,VEGETATIVO,100.0,SAUDÁVEL,24.5,60.0,22.0,6.0,1.4,100.0
2026-09-15 23:01:37,Alface Experimental #01,VEGETATIVO,100.0,SAUDÁVEL,24.5,60.0,22.0,6.0,1.4,100.0
2026-09-15 23:01:38,Alface Experimental #01,VEGETATIVO,100.0,SAUDÁVEL,24.5,60.0,22.0,6.0,1.4,100.0
2026-09-15 23:01:39,Alface Experimental #01,VEGETATIVO,100.0,SAUDÁVEL,24.5,60.0,22.0,6.0,1.4,100.0
2026-09-15 23:01:41,Alface Experimental #01,VEGETATIVO,100.0,SAUDÁVEL,24.5,60.0,22.0,6.0,1.4,100.0
2026-09-15 23:01:42,Alface Experimental #01,VEGETATIVO,100.0,SAUDÁVEL,24.5,60.0,22.0,6.0,1.4,100.0
2026-09-15 23:01:43,Alface Experimental #01,VEGETATIVO,100.0,SAUDÁVEL,24.5,60.0,22.0,6.0,1.4,100.0
2026-09-15 23:01:44,Alface Experimental #01,VEGETATIVO,100.0,SAUDÁVEL,24.5,60.0,22.0,6.0,1.4,100.0
2026-09-15 23:01:45,Alface Experimental #01,VEGETATIVO,100.0,SAUDÁVEL,24.5,60.0,22.0,6.0,1.4,100.0
2026-09-15 23:01:46,Alface Experimental #01,VEGETATIVO,100.0,SAUDÁVEL,24.5,60.0,22.0,6.0,1.4,100.0
2026-09-15 23:01:48,Alface Experimental #01,VEGETATIVO,100.0,SAUDÁVEL,24.5,60.0,22.0,6.0,1.4,100.0
2026-09-15 23:01:49,Alface Experimental #01,VEGETATIVO,100.0,SAUDÁVEL,24.5,60.0,22.0,6.0,1.4,100.0
2026-09-15 23:01:50,Alface Experimental #01,VEGETATIVO,100.0,SAUDÁVEL,24.5,60.0,22.0,6.0,1.4,100.0
2026-09-15 23:01:51,Alface Experimental #01,VEGETATIVO,100.0,SAUDÁVEL,24.5,60.0,22.0,6.0,1.4,100.0
2026-09-15 23:01:52,Alface Experimental #01,VEGETATIVO,100.0,SAUDÁVEL,24.5,60.0,22.0,6.0,1.4,100.0
2026-09-15 23:01:53,Alface Experimental #01,VEGETATIVO,100.0,SAUDÁVEL,24.5,60.0,22.0,6.0,1.4,100.0
2026-09-15 23:01:54,Alface Experimental #01,VEGETATIVO,100.0,SAUDÁVEL,24.5,60.0,22.0,6.0,1.4,100.0
2026-09-15 23:01:56,Alface Experimental #01,VEGETATIVO,100.0,SAUDÁVEL,24.5,60.0,22.0,6.0,1.4,100.0
2026-09-15 23:01:57,Alface Experimental #01,VEGETATIVO,100.0,SAUDÁVEL,24.5,60.0,22.0,6.0,1.4,100.0
2026-09-15 23:01:58,Alface Experimental #01,VEGETATIVO,100.0,SAUDÁVEL,24.5,60.0,22.0,6.0,1.4,100.0
2026-09-15 23:01:59,Alface Experimental #01,VEGETATIVO,100.0,SAUDÁVEL,24.5,60.0,22.0,6.0,1.4,100.0
2026-09-15 23:02:00,Alface Experimental #01,VEGETATIVO,100.0,SAUDÁVEL,24.5,60.0,22.0,6.0,1.4,100.0
2026-09-15 23:02:01,Alface Experimental #01,VEGETATIVO,100.0,SAUDÁVEL,24.5,60.0,22.0,6.0,1.4,100.0
2026-09-15 23:02:03,Alface Experimental #01,VEGETATIVO,100.0,SAUDÁVEL,24.5,60.0,22.0,6.0,1.4,100.0
2026-09-15 23:02:04,Alface Experimental #01,VEGETATIVO,100.0,SAUDÁVEL,24.5,60.0,22.0,6.0,1.4,100.0
2026-09-15 23:02:05,Alface Experimental #01,VEGETATIVO,100.0,SAUDÁVEL,24.5,60.0,22.0,6.0,1.4,100.0
2026-09-15 23:02:06,Alface Experimental #01,VEGETATIVO,100.0,SAUDÁVEL,24.5,60.0,22.0,6.0,1.4,100.0
2026-09-15 23:02:07,Alface Experimental #01,VEGETATIVO,100.0,SAUDÁVEL,24.5,60.0,22.0,6.0,1.4,100.0
2026-09-15 23:02:08,Alface Experimental #01,VEGETATIVO,100.0,SAUDÁVEL,24.5,60.0,22.0,6.0,1.4,100.0
2026-09-15 23:02:09,Alface Experimental #01,VEGETATIVO,100.0,SAUDÁVEL,24.5,60.0,22.0,6.0,1.4,100.0
2026-09-15 23:02:11,Alface Experimental #01,VEGETATIVO,100.0,SAUDÁVEL,24.5,60.0,22.0,6.0,1.4,100.0
2026-09-15 23:02:12,Alface Experimental #01,VEGETATIVO,100.0,SAUDÁVEL,24.5,60.0,22.0,6.0,1.4,100.0
2026-09-15 23:02:13,Alface Experimental #01,VEGETATIVO,100.0,SAUDÁVEL,24.5,60.0,22.0,6.0,1.4,100.0
2026-09-15 23:02:14,Alface Experimental #01,VEGETATIVO,100.0,SAUDÁVEL,24.5,60.0,22.0,6.0,1.4,100.0
2026-09-15 23:02:15,Alface Experimental #01,VEGETATIVO,100.0,SAUDÁVEL,24.5,60.0,22.0,6.0,1.4,100.0
2026-09-15 23:02:16,Alface Experimental #01,VEGETATIVO,100.0,SAUDÁVEL,24.5,60.0,22.0,6.0,1.4,100.0
2026-09-15 23:02:18,Alface Experimental #01,VEGETATIVO,100.0,SAUDÁVEL,24.5,60.0,22.0,6.0,1.4,100.0
2026-09-15 23:02:19,Alface Experimental #01,VEGETATIVO,100.0,SAUDÁVEL,24.5,60.0,22.0,6.0,1.4,100.0
2026-09-15 23:02:20,Alface Experimental #01,VEGETATIVO,100.0,SAUDÁVEL,24.5,60.0,22.0,6.0,1.4,100.0
2026-09-15 23:02:21,Alface Experimental #01,VEGETATIVO,100.0,SAUDÁVEL,24.5,60.0,22.0,6.0,1.4,100.0
2026-09-15 23:02:22,Alface Experimental #01,VEGETATIVO,100.0,SAUDÁVEL,24.5,60.0,22.0,6.0,1.4,100.0
2026-09-15 23:02:23,Alface Experimental #01,VEGETATIVO,100.0,SAUDÁVEL,24.5,60.0,22.0,6.0,1.4,100.0
2026-09-15 23:02:25,Alface Experimental #01,VEGETATIVO,100.0,SAUDÁVEL,24.5,60.0,22.0,6.0,1.4,100.0
2026-09-15 23:02:26,Alface Experimental #01,VEGETATIVO,100.0,SAUDÁVEL,24.5,60.0,22.0,6.0,1.4,100.0
2026-09-15 23:02:27,Alface Experimental #01,VEGETATIVO,100.0,SAUDÁVEL,24.5,60.0,22.0,6.0,1.4,100.0
2026-09-15 23:02:28,Alface Experimental #01,VEGETATIVO,100.0,SAUDÁVEL,24.5,60.0,22.0,6.0,1.4,100.0
2026-09-15 23:02:29,Alface Experimental #01,VEGETATIVO,100.0,SAUDÁVEL,24.5,60.0,22.0,6.0,1.4,100.0
2026-09-15 23:02:30,Alface Experimental #01,VEGETATIVO,100.0,SAUDÁVEL,24.5,60.0,22.0,6.0,1.4,100.0
2026-09-15 23:02:32,Alface Experimental #01,VEGETATIVO,100.0,SAUDÁVEL,24.5,60.0,22.0,6.0,1.4,100.0
2026-09-15 23:02:33,Alface Experimental #01,VEGETATIVO,100.0,SAUDÁVEL,24.5,60.0,22.0,6.0,1.4,100.0
2026-09-15 23:02:34,Alface Experimental #01,VEGETATIVO,100.0,SAUDÁVEL,24.5,60.0,22.0,6.0,1.4,100.0
2026-09-15 23:02:35,Alface Experimental #01,VEGETATIVO,100.0,SAUDÁVEL,24.5,60.0,22.0,6.0,1.4,100.0
2026-09-15 23:02:36,Alface Experimental #01,VEGETATIVO,100.0,SAUDÁVEL,24.5,60.0,22.0,6.0,1.4,100.0
2026-09-15 23:02:37,Alface Experimental #01,VEGETATIVO,100.0,SAUDÁVEL,24.5,60.0,22.0,6.0,1.4,100.0
2026-09-15 23:02:38,Alface Experimental #01,VEGETATIVO,100.0,SAUDÁVEL,24.5,60.0,22.0,6.0,1.4,100.0
2026-09-15 23:02:40,Alface Experimental #01,VEGETATIVO,100.0,SAUDÁVEL,24.5,60.0,22.0,6.0,1.4,100.0
2026-09-15 23:02:41,Alface Experimental #01,VEGETATIVO,100.0,SAUDÁVEL,24.5,60.0,22.0,6.0,1.4,100.0
2026-09-15 23:02:42,Alface Experimental #01,VEGETATIVO,100.0,SAUDÁVEL,24.5,60.0,22.0,6.0,1.4,100.0
2026-09-15 23:02:43,Alface Experimental #01,VEGETATIVO,100.0,SAUDÁVEL,24.5,60.0,22.0,6.0,1.4,100.0
2026-09-15 23:02:44,Alface Experimental #01,VEGETATIVO,100.0,SAUDÁVEL,24.5,60.0,22.0,6.0,1.4,100.0
2026-09-15 23:02:45,Alface Experimental #01,VEGETATIVO,100.0,SAUDÁVEL,24.5,60.0,22.0,6.0,1.4,100.0
2026-09-15 23:02:47,Alface Experimental #01,VEGETATIVO,100.0,SAUDÁVEL,24.5,60.0,22.0,6.0,1.4,100.0
2026-09-15 23:02:48,Alface Experimental #01,VEGETATIVO,100.0,SAUDÁVEL,24.5,60.0,22.0,6.0,1.4,100.0
2026-09-15 23:02:49,Alface Experimental #01,VEGETATIVO,100.0,SAUDÁVEL,24.5,60.0,22.0,6.0,1.4,100.0
2026-09-15 23:02:50,Alface Experimental #01,VEGETATIVO,100.0,SAUDÁVEL,24.5,60.0,22.0,6.0,1.4,100.0
2026-09-15 23:02:51,Alface Experimental #01,VEGETATIVO,100.0,SAUDÁVEL,24.5,60.0,22.0,6.0,1.4,100.0
2026-09-15 23:02:52,Alface Experimental #01,VEGETATIVO,100.0,SAUDÁVEL,24.5,60.0,22.0,6.0,1.4,100.0
2026-09-15 23:02:54,Alface Experimental #01,VEGETATIVO,100.0,SAUDÁVEL,24.5,60.0,22.0,6.0,1.4,100.0
2026-09-15 23:02:55,Alface Experimental #01,VEGETATIVO,100.0,SAUDÁVEL,24.5,60.0,22.0,6.0,1.4,100.0
2026-09-15 23:02:56,Alface Experimental #01,VEGETATIVO,100.0,SAUDÁVEL,24.5,60.0,22.0,6.0,1.4,100.0
2026-09-15 23:02:57,Alface Experimental #01,VEGETATIVO,100.0,SAUDÁVEL,24.5,60.0,22.0,6.0,1.4,100.0
2026-09-15 23:02:58,Alface Experimental #01,VEGETATIVO,100.0,SAUDÁVEL,24.5,60.0,22.0,6.0,1.4,100.0
2026-09-15 23:02:59,Alface Experimental #01,VEGETATIVO,100.0,SAUDÁVEL,24.5,60.0,22.0,6.0,1.4,100.0
2026-09-15 23:03:00,Alface Experimental #01,VEGETATIVO,100.0,SAUDÁVEL,24.5,60.0,22.0,6.0,1.4,100.0
2026-09-15 23:03:02,Alface Experimental #01,VEGETATIVO,100.0,SAUDÁVEL,24.5,60.0,22.0,6.0,1.4,100.0
2026-09-15 23:03:03,Alface Experimental #01,VEGETATIVO,100.0,SAUDÁVEL,24.5,60.0,22.0,6.0,1.4,100.0
2026-09-15 23:03:04,Alface Experimental #01,VEGETATIVO,100.0,SAUDÁVEL,24.5,60.0,22.0,6.0,1.4,100.0
2026-09-15 23:03:05,Alface Experimental #01,VEGETATIVO,100.0,SAUDÁVEL,24.5,60.0,22.0,6.0,1.4,100.0
2026-09-15 23:03:06,Alface Experimental #01,VEGETATIVO,100.0,SAUDÁVEL,24.5,60.0,22.0,6.0,1.4,100.0
2026-09-15 23:03:07,Alface Experimental #01,VEGETATIVO,100.0,SAUDÁVEL,24.5,60.0,22.0,6.0,1.4,100.0
2026-09-15 23:03:09,Alface Experimental #01,VEGETATIVO,100.0,SAUDÁVEL,24.5,60.0,22.0,6.0,1.4,100.0
2026-09-15 23:03:10,Alface Experimental #01,VEGETATIVO,100.0,SAUDÁVEL,24.5,60.0,22.0,6.0,1.4,100.0
2026-09-15 23:03:11,Alface Experimental #01,VEGETATIVO,100.0,SAUDÁVEL,24.5,60.0,22.0,6.0,1.4,100.0
2026-09-15 23:03:12,Alface Experimental #01,VEGETATIVO,100.0,SAUDÁVEL,24.5,60.0,22.0,6.0,1.4,100.0
2026-09-15 23:03:13,Alface Experimental #01,VEGETATIVO,100.0,SAUDÁVEL,24.5,60.0,22.0,6.0,1.4,100.0
2026-09-15 23:03:14,Alface Experimental #01,VEGETATIVO,100.0,SAUDÁVEL,24.5,60.0,22.0,6.0,1.4,100.0
2026-09-15 23:03:16,Alface Experimental #01,VEGETATIVO,100.0,SAUDÁVEL,24.5,60.0,22.0,6.0,1.4,100.0
2026-09-15 23:03:17,Alface Experimental #01,VEGETATIVO,100.0,SAUDÁVEL,24.5,60.0,22.0,6.0,1.4,100.0
2026-09-15 23:03:18,Alface Experimental #01,VEGETATIVO,100.0,SAUDÁVEL,24.5,60.0,22.0,6.0,1.4,100.0
2026-09-15 23:03:19,Alface Experimental #01,VEGETATIVO,100.0,SAUDÁVEL,24.5,60.0,22.0,6.0,1.4,100.0
2026-09-15 23:03:20,Alface Experimental #01,VEGETATIVO,100.0,SAUDÁVEL,24.5,60.0,22.0,6.0,1.4,100.0
2026-09-15 23:03:21,Alface Experimental #01,VEGETATIVO,100.0,SAUDÁVEL,24.5,60.0,22.0,6.0,1.4,100.0
2026-09-15 23:03:23,Alface Experimental #01,VEGETATIVO,100.0,SAUDÁVEL,24.5,60.0,22.0,6.0,1.4,100.0
2026-09-15 23:03:24,Alface Experimental #01,VEGETATIVO,100.0,SAUDÁVEL,24.5,60.0,22.0,6.0,1.4,100.0
2026-09-15 23:03:25,Alface Experimental #01,VEGETATIVO,100.0,SAUDÁVEL,24.5,60.0,22.0,6.0,1.4,100.0
2026-09-15 23:03:26,Alface Experimental #01,VEGETATIVO,100.0,SAUDÁVEL,24.5,60.0,22.0,6.0,1.4,100.0
2026-09-15 23:03:27,Alface Experimental #01,VEGETATIVO,100.0,SAUDÁVEL,24.5,60.0,22.0,6.0,1.4,100.0
2026-09-15 23:03:28,Alface Experimental #01,VEGETATIVO,100.0,SAUDÁVEL,24.5,60.0,22.0,6.0,1.4,100.0
2026-09-15 23:03:29,Alface Experimental #01,VEGETATIVO,100.0,SAUDÁVEL,24.5,60.0,22.0,6.0,1.4,100.0
2026-09-15 23:03:31,Alface Experimental #01,VEGETATIVO,100.0,SAUDÁVEL,24.5,60.0,22.0,6.0,1.4,100.0
2026-09-15 23:03:32,Alface Experimental #01,VEGETATIVO,100.0,SAUDÁVEL,24.5,60.0,22.0,6.0,1.4,100.0
2026-09-15 23:03:33,Alface Experimental #01,VEGETATIVO,100.0,SAUDÁVEL,24.5,60.0,22.0,6.0,1.4,100.0
2026-09-15 23:03:34,Alface Experimental #01,VEGETATIVO,100.0,SAUDÁVEL,24.5,60.0,22.0,6.0,1.4,100.0
2026-09-15 23:03:35,Alface Experimental #01,VEGETATIVO,100.0,SAUDÁVEL,24.5,60.0,22.0,6.0,1.4,100.0
2026-09-15 23:03:36,Alface Experimental #01,VEGETATIVO,100.0,SAUDÁVEL,24.5,60.0,22.0,6.0,1.4,100.0
2026-09-15 23:03:38,Alface Experimental #01,VEGETATIVO,100.0,SAUDÁVEL,24.5,60.0,22.0,6.0,1.4,100.0
2026-09-15 23:03:39,Alface Experimental #01,VEGETATIVO,100.0,SAUDÁVEL,24.5,60.0,22.0,6.0,1.4,100.0
2026-09-15 23:03:40,Alface Experimental #01,VEGETATIVO,100.0,SAUDÁVEL,24.5,60.0,22.0,6.0,1.4,100.0
2026-09-15 23:03:41,Alface Experimental #01,VEGETATIVO,100.0,SAUDÁVEL,24.5,60.0,22.0,6.0,1.4,100.0
2026-09-15 23:03:42,Alface Experimental #01,VEGETATIVO,100.0,SAUDÁVEL,24.5,60.0,22.0,6.0,1.4,100.0
2026-09-15 23:03:43,Alface Experimental #01,VEGETATIVO,100.0,SAUDÁVEL,24.5,60.0,22.0,6.0,1.4,100.0
2026-09-15 23:03:45,Alface Experimental #01,VEGETATIVO,100.0,SAUDÁVEL,24.5,60.0,22.0,6.0,1.4,100.0
2026-09-15 23:03:46,Alface Experimental #01,VEGETATIVO,100.0,SAUDÁVEL,24.5,60.0,22.0,6.0,1.4,100.0
2026-09-15 23:03:47,Alface Experimental #01,VEGETATIVO,100.0,SAUDÁVEL,24.5,60.0,22.0,6.0,1.4,100.0
2026-09-15 23:03:48,Alface Experimental #01,VEGETATIVO,100.0,SAUDÁVEL,24.5,60.0,22.0,6.0,1.4,100.0
2026-09-15 23:03:49,Alface Experimental #01,VEGETATIVO,100.0,SAUDÁVEL,24.5,60.0,22.0,6.0,1.4,100.0
2026-09-15 23:03:50,Alface Experimental #01,VEGETATIVO,100.0,SAUDÁVEL,24.5,60.0,22.0,6.0,1.4,100.0
2026-09-15 23:03:51,Alface Experimental #01,VEGETATIVO,100.0,SAUDÁVEL,24.5,60.0,22.0,6.0,1.4,100.0
2026-09-15 23:03:53,Alface Experimental #01,VEGETATIVO,100.0,SAUDÁVEL,24.5,60.0,22.0,6.0,1.4,100.0
2026-09-15 23:03:54,Alface Experimental #01,VEGETATIVO,100.0,SAUDÁVEL,24.5,60.0,22.0,6.0,1.4,100.0
2026-09-15 23:03:55,Alface Experimental #01,VEGETATIVO,100.0,SAUDÁVEL,24.5,60.0,22.0,6.0,1.4,100.0
2026-09-15 23:03:56,Alface Experimental #01,VEGETATIVO,100.0,SAUDÁVEL,24.5,60.0,22.0,6.0,1.4,100.0
2026-09-15 23:03:57,Alface Experimental #01,VEGETATIVO,100.0,SAUDÁVEL,24.5,60.0,22.0,6.0,1.4,100.0
2026-09-15 23:03:58,Alface Experimental #01,VEGETATIVO,100.0,SAUDÁVEL,24.5,60.0,22.0,6.0,1.4,100.0
2026-09-15 23:04:00,Alface Experimental #01,VEGETATIVO,100.0,SAUDÁVEL,24.5,60.0,22.0,6.0,1.4,100.0
2026-09-15 23:04:01,Alface Experimental #01,VEGETATIVO,100.0,SAUDÁVEL,24.5,60.0,22.0,6.0,1.4,100.0
2026-09-15 23:04:02,Alface Experimental #01,VEGETATIVO,100.0,SAUDÁVEL,24.5,60.0,22.0,6.0,1.4,100.0
2026-09-15 23:04:03,Alface Experimental #01,VEGETATIVO,100.0,SAUDÁVEL,24.5,60.0,22.0,6.0,1.4,100.0
2026-09-15 23:04:04,Alface Experimental #01,VEGETATIVO,100.0,SAUDÁVEL,24.5,60.0,22.0,6.0,1.4,100.0
2026-09-15 23:04:05,Alface Experimental #01,VEGETATIVO,100.0,SAUDÁVEL,24.5,60.0,22.0,6.0,1.4,100.0
2026-09-15 23:04:07,Alface Experimental #01,VEGETATIVO,100.0,SAUDÁVEL,24.5,60.0,22.0,6.0,1.4,100.0
2026-09-15 23:04:08,Alface Experimental #01,VEGETATIVO,100.0,SAUDÁVEL,24.5,60.0,22.0,6.0,1.4,100.0
2026-09-15 23:04:09,Alface Experimental #01,VEGETATIVO,100.0,SAUDÁVEL,24.5,60.0,22.0,6.0,1.4,100.0
2026-09-15 23:04:10,Alface Experimental #01,VEGETATIVO,100.0,SAUDÁVEL,24.5,60.0,22.0,6.0,1.4,100.0
2026-09-15 23:04:11,Alface Experimental #01,VEGETATIVO,100.0,SAUDÁVEL,24.5,60.0,22.0,6.0,1.4,100.0
2026-09-15 23:04:12,Alface Experimental #01,VEGETATIVO,100.0,SAUDÁVEL,24.5,60.0,22.0,6.0,1.4,100.0
2026-09-15 23:04:13,Alface Experimental #01,VEGETATIVO,100.0,SAUDÁVEL,24.5,60.0,22.0,6.0,1.4,100.0
2026-09-15 23:04:15,Alface Experimental #01,VEGETATIVO,100.0,SAUDÁVEL,24.5,60.0,22.0,6.0,1.4,100.0
2026-09-15 23:04:16,Alface Experimental #01,VEGETATIVO,100.0,SAUDÁVEL,24.5,60.0,22.0,6.0,1.4,100.0
2026-09-15 23:04:17,Alface Experimental #01,VEGETATIVO,100.0,SAUDÁVEL,24.5,60.0,22.0,6.0,1.4,100.0
2026-09-15 23:04:18,Alface Experimental #01,VEGETATIVO,100.0,SAUDÁVEL,24.5,60.0,22.0,6.0,1.4,100.0
2026-09-15 23:04:19,Alface Experimental #01,VEGETATIVO,100.0,SAUDÁVEL,24.5,60.0,22.0,6.0,1.4,100.0
2026-09-15 23:04:20,Alface Experimental #01,VEGETATIVO,100.0,SAUDÁVEL,24.5,60.0,22.0,6.0,1.4,100.0
2026-09-15 23:04:22,Alface Experimental #01,VEGETATIVO,100.0,SAUDÁVEL,24.5,60.0,22.0,6.0,1.4,100.0
2026-09-15 23:04:23,Alface Experimental #01,VEGETATIVO,100.0,SAUDÁVEL,24.5,60.0,22.0,6.0,1.4,100.0
2026-09-15 23:04:24,Alface Experimental #01,VEGETATIVO,100.0,SAUDÁVEL,24.5,60.0,22.0,6.0,1.4,100.0
2026-09-15 23:04:25,Alface Experimental #01,VEGETATIVO,100.0,SAUDÁVEL,24.5,60.0,22.0,6.0,1.4,100.0
2026-09-15 23:04:26,Alface Experimental #01,VEGETATIVO,100.0,SAUDÁVEL,24.5,60.0,22.0,6.0,1.4,100.0
2026-09-15 23:04:27,Alface Experimental #01,VEGETATIVO,100.0,SAUDÁVEL,24.5,60.0,22.0,6.0,1.4,100.0
2026-09-15 23:04:28,Alface Experimental #01,VEGETATIVO,100.0,SAUDÁVEL,24.5,60.0,22.0,6.0,1.4,100.0
2026-09-15 23:04:30,Alface Experimental #01,VEGETATIVO,100.0,SAUDÁVEL,24.5,60.0,22.0,6.0,1.4,100.0
2026-09-15 23:04:31,Alface Experimental #01,VEGETATIVO,100.0,SAUDÁVEL,24.5,60.0,22.0,6.0,1.4,100.0
2026-09-15 23:04:32,Alface Experimental #01,VEGETATIVO,100.0,SAUDÁVEL,24.5,60.0,22.0,6.0,1.4,100.0
2026-09-15 23:04:33,Alface Experimental #01,VEGETATIVO,100.0,SAUDÁVEL,24.5,60.0,22.0,6.0,1.4,100.0
2026-09-15 23:04:34,Alface Experimental #01,VEGETATIVO,100.0,SAUDÁVEL,24.5,60.0,22.0,6.0,1.4,100.0
2026-09-15 23:04:35,Alface Experimental #01,VEGETATIVO,100.0,SAUDÁVEL,24.5,60.0,22.0,6.0,1.4,100.0
2026-09-15 23:04:37,Alface Experimental #01,VEGETATIVO,100.0,SAUDÁVEL,24.5,60.0,22.0,6.0,1.4,100.0
2026-09-15 23:04:38,Alface Experimental #01,VEGETATIVO,100.0,SAUDÁVEL,24.5,60.0,22.0,6.0,1.4,100.0
2026-09-15 23:04:39,Alface Experimental #01,VEGETATIVO,100.0,SAUDÁVEL,24.5,60.0,22.0,6.0,1.4,100.0
2026-09-15 23:04:40,Alface Experimental #01,VEGETATIVO,100.0,SAUDÁVEL,24.5,60.0,22.0,6.0,1.4,100.0
2026-09-15 23:04:41,Alface Experimental #01,VEGETATIVO,100.0,SAUDÁVEL,24.5,60.0,22.0,6.0,1.4,100.0
2026-09-15 23:04:42,Alface Experimental #01,VEGETATIVO,100.0,SAUDÁVEL,24.5,60.0,22.0,6.0,1.4,100.0
2026-09-15 23:04:44,Alface Experimental #01,VEGETATIVO,100.0,SAUDÁVEL,24.5,60.0,22.0,6.0,1.4,100.0
2026-09-15 23:04:45,Alface Experimental #01,VEGETATIVO,100.0,SAUDÁVEL,24.5,60.0,22.0,6.0,1.4,100.0
2026-09-15 23:04:46,Alface Experimental #01,VEGETATIVO,100.0,SAUDÁVEL,24.5,60.0,22.0,6.0,1.4,100.0
2026-09-15 23:04:47,Alface Experimental #01,VEGETATIVO,100.0,SAUDÁVEL,24.5,60.0,22.0,6.0,1.4,100.0
2026-09-15 23:04:48,Alface Experimental #01,VEGETATIVO,100.0,SAUDÁVEL,24.5,60.0,22.0,6.0,1.4,100.0
2026-09-15 23:04:49,Alface Experimental #01,VEGETATIVO,100.0,SAUDÁVEL,24.5,60.0,22.0,6.0,1.4,100.0
2026-09-15 23:04:51,Alface Experimental #01,VEGETATIVO,100.0,SAUDÁVEL,24.5,60.0,22.0,6.0,1.4,100.0
2026-09-15 23:04:52,Alface Experimental #01,VEGETATIVO,100.0,SAUDÁVEL,24.5,60.0,22.0,6.0,1.4,100.0
2026-09-15 23:04:53,Alface Experimental #01,VEGETATIVO,100.0,SAUDÁVEL,24.5,60.0,22.0,6.0,1.4,100.0
2026-09-15 23:04:54,Alface Experimental #01,VEGETATIVO,100.0,SAUDÁVEL,24.5,60.0,22.0,6.0,1.4,100.0
2026-09-15 23:04:55,Alface Experimental #01,VEGETATIVO,100.0,SAUDÁVEL,24.5,60.0,22.0,6.0,1.4,100.0
2026-09-15 23:04:56,Alface Experimental #01,VEGETATIVO,100.0,SAUDÁVEL,24.5,60.0,22.0,6.0,1.4,100.0
2026-09-15 23:04:58,Alface Experimental #01,VEGETATIVO,100.0,SAUDÁVEL,24.5,60.0,22.0,6.0,1.4,100.0
2026-09-15 23:04:59,Alface Experimental #01,VEGETATIVO,100.0,SAUDÁVEL,24.5,60.0,22.0,6.0,1.4,100.0
2026-09-15 23:05:00,Alface Experimental #01,VEGETATIVO,100.0,SAUDÁVEL,24.5,60.0,22.0,6.0,1.4,100.0
2026-09-15 23:05:01,Alface Experimental #01,VEGETATIVO,100.0,SAUDÁVEL,24.5,60.0,22.0,6.0,1.4,100.0
2026-09-15 23:05:02,Alface Experimental #01,VEGETATIVO,100.0,SAUDÁVEL,24.5,60.0,22.0,6.0,1.4,100.0
2026-09-15 23:05:03,Alface Experimental #01,VEGETATIVO,100.0,SAUDÁVEL,24.5,60.0,22.0,6.0,1.4,100.0
2026-09-15 23:05:05,Alface Experimental #01,VEGETATIVO,100.0,SAUDÁVEL,24.5,60.0,22.0,6.0,1.4,100.0
2026-09-15 23:05:06,Alface Experimental #01,VEGETATIVO,100.0,SAUDÁVEL,24.5,60.0,22.0,6.0,1.4,100.0
2026-09-15 23:05:07,Alface Experimental #01,VEGETATIVO,100.0,SAUDÁVEL,24.5,60.0,22.0,6.0,1.4,100.0
2026-09-15 23:05:08,Alface Experimental #01,VEGETATIVO,100.0,SAUDÁVEL,24.5,60.0,22.0,6.0,1.4,100.0
2026-09-15 23:05:09,Alface Experimental #01,VEGETATIVO,100.0,SAUDÁVEL,24.5,60.0,22.0,6.0,1.4,100.0
2026-09-15 23:05:10,Alface Experimental #01,VEGETATIVO,100.0,SAUDÁVEL,24.5,60.0,22.0,6.0,1.4,100.0
2026-09-15 23:05:12,Alface Experimental #01,VEGETATIVO,100.0,SAUDÁVEL,24.5,60.0,22.0,6.0,1.4,100.0
2026-09-15 23:05:13,Alface Experimental #01,VEGETATIVO,100.0,SAUDÁVEL,24.5,60.0,22.0,6.0,1.4,100.0
2026-09-15 23:05:14,Alface Experimental #01,VEGETATIVO,100.0,SAUDÁVEL,24.5,60.0,22.0,6.0,1.4,100.0
2026-09-15 23:05:15,Alface Experimental #01,VEGETATIVO,100.0,SAUDÁVEL,24.5,60.0,22.0,6.0,1.4,100.0
2026-09-15 23:05:16,Alface Experimental #01,VEGETATIVO,100.0,SAUDÁVEL,24.5,60.0,22.0,6.0,1.4,100.0
2026-09-15 23:05:17,Alface Experimental #01,VEGETATIVO,100.0,SAUDÁVEL,24.5,60.0,22.0,6.0,1.4,100.0
2026-09-15 23:05:18,Alface Experimental #01,VEGETATIVO,100.0,SAUDÁVEL,24.5,60.0,22.0,6.0,1.4,100.0
2026-09-15 23:05:20,Alface Experimental #01,VEGETATIVO,100.0,SAUDÁVEL,24.5,60.0,22.0,6.0,1.4,100.0
2026-09-15 23:05:21,Alface Experimental #01,VEGETATIVO,100.0,SAUDÁVEL,24.5,60.0,22.0,6.0,1.4,100.0
2026-09-15 23:05:22,Alface Experimental #01,VEGETATIVO,100.0,SAUDÁVEL,24.5,60.0,22.0,6.0,1.4,100.0
2026-09-15 23:05:23,Alface Experimental #01,VEGETATIVO,100.0,SAUDÁVEL,24.5,60.0,22.0,6.0,1.4,100.0
2026-09-15 23:05:24,Alface Experimental #01,VEGETATIVO,100.0,SAUDÁVEL,24.5,60.0,22.0,6.0,1.4,100.0
2026-09-15 23:05:25,Alface Experimental #01,VEGETATIVO,100.0,SAUDÁVEL,24.5,60.0,22.0,6.0,1.4,100.0
2026-09-15 23:05:27,Alface Experimental #01,VEGETATIVO,100.0,SAUDÁVEL,24.5,60.0,22.0,6.0,1.4,100.0
2026-09-15 23:05:28,Alface Experimental #01,VEGETATIVO,100.0,SAUDÁVEL,24.5,60.0,22.0,6.0,1.4,100.0
2026-09-15 23:05:29,Alface Experimental #01,VEGETATIVO,100.0,SAUDÁVEL,24.5,60.0,22.0,6.0,1.4,100.0
2026-09-15 23:05:30,Alface Experimental #01,VEGETATIVO,100.0,SAUDÁVEL,24.5,60.0,22.0,6.0,1.4,100.0
2026-09-15 23:05:31,Alface Experimental #01,VEGETATIVO,100.0,SAUDÁVEL,24.5,60.0,22.0,6.0,1.4,100.0
2026-09-15 23:05:32,Alface Experimental #01,VEGETATIVO,100.0,SAUDÁVEL,24.5,60.0,22.0,6.0,1.4,100.0
2026-09-15 23:05:34,Alface Experimental #01,VEGETATIVO,100.0,SAUDÁVEL,24.5,60.0,22.0,6.0,1.4,100.0
2026-09-15 23:05:35,Alface Experimental #01,VEGETATIVO,100.0,SAUDÁVEL,24.5,60.0,22.0,6.0,1.4,100.0
2026-09-15 23:05:36,Alface Experimental #01,VEGETATIVO,100.0,SAUDÁVEL,24.5,60.0,22.0,6.0,1.4,100.0
2026-09-15 23:05:37,Alface Experimental #01,VEGETATIVO,100.0,SAUDÁVEL,24.5,60.0,22.0,6.0,1.4,100.0
2026-09-15 23:05:38,Alface Experimental #01,VEGETATIVO,100.0,SAUDÁVEL,24.5,60.0,22.0,6.0,1.4,100.0
2026-09-15 23:05:39,Alface Experimental #01,VEGETATIVO,100.0,SAUDÁVEL,24.5,60.0,22.0,6.0,1.4,100.0
2026-09-15 23:05:40,Alface Experimental #01,VEGETATIVO,100.0,SAUDÁVEL,24.5,60.0,22.0,6.0,1.4,100.0
2026-09-15 23:05:42,Alface Experimental #01,VEGETATIVO,100.0,SAUDÁVEL,24.5,60.0,22.0,6.0,1.4,100.0
2026-09-15 23:05:43,Alface Experimental #01,VEGETATIVO,100.0,SAUDÁVEL,24.5,60.0,22.0,6.0,1.4,100.0
2026-09-15 23:05:44,Alface Experimental #01,VEGETATIVO,100.0,SAUDÁVEL,24.5,60.0,22.0,6.0,1.4,100.0
2026-09-15 23:05:45,Alface Experimental #01,VEGETATIVO,100.0,SAUDÁVEL,24.5,60.0,22.0,6.0,1.4,100.0
2026-09-15 23:05:46,Alface Experimental #01,VEGETATIVO,100.0,SAUDÁVEL,24.5,60.0,22.0,6.0,1.4,100.0
2026-09-15 23:05:47,Alface Experimental #01,VEGETATIVO,100.0,SAUDÁVEL,24.5,60.0,22.0,6.0,1.4,100.0
2026-09-15 23:05:48,Alface Experimental #01,VEGETATIVO,100.0,SAUDÁVEL,24.5,60.0,22.0,6.0,1.4,100.0
2026-09-15 23:05:50,Alface Experimental #01,VEGETATIVO,100.0,SAUDÁVEL,24.5,60.0,22.0,6.0,1.4,100.0
2026-09-15 23:05:51,Alface Experimental #01,VEGETATIVO,100.0,SAUDÁVEL,24.5,60.0,22.0,6.0,1.4,100.0
2026-09-15 23:05:52,Alface Experimental #01,VEGETATIVO,100.0,SAUDÁVEL,24.5,60.0,22.0,6.0,1.4,100.0
2026-09-16 00:38:51,1,100.0,24.5,6.0,1.4
2026-09-16 00:38:52,2,100.0,24.5,6.0,1.4
2026-09-16 00:38:54,3,100.0,24.5,6.0,1.4
2026-09-16 00:38:55,4,100.0,24.5,6.0,1.4
2026-09-16 00:38:56,5,100.0,24.5,6.0,1.4
2026-09-16 00:38:57,6,100.0,24.5,6.0,1.4
2026-09-16 00:38:58,7,100.0,24.5,6.0,1.4
2026-09-16 00:38:59,8,100.0,24.5,6.0,1.4
2026-09-16 00:39:00,9,100.0,24.5,6.0,1.4
2026-09-16 00:39:02,10,100.0,24.5,6.0,1.4
2026-09-16 00:39:03,11,100.0,24.5,6.0,1.4
2026-09-16 00:39:04,12,100.0,24.5,6.0,1.4
2026-09-16 00:39:05,13,100.0,24.5,6.0,1.4
2026-09-16 00:39:06,14,100.0,24.5,6.0,1.4
2026-09-16 00:39:07,15,100.0,24.5,6.0,1.4
2026-09-16 00:39:09,16,100.0,24.5,6.0,1.4
2026-09-16 00:39:10,17,100.0,24.5,6.0,1.4
2026-09-16 00:39:11,18,100.0,24.5,6.0,1.4
2026-09-16 00:39:12,19,100.0,24.5,6.0,1.4
2026-09-16 00:39:13,20,100.0,24.5,6.0,1.4
2026-09-16 00:39:14,21,100.0,24.5,6.0,1.4
2026-09-16 00:39:16,22,100.0,24.5,6.0,1.4
2026-09-16 00:39:17,23,100.0,24.5,6.0,1.4
2026-09-16 00:39:18,24,100.0,24.5,6.0,1.4
2026-09-16 00:39:19,25,100.0,24.5,6.0,1.4
2026-09-16 00:39:20,26,100.0,24.5,6.0,1.4
2026-09-16 00:39:21,27,100.0,24.5,6.0,1.4
2026-09-16 00:39:22,28,100.0,24.5,6.0,1.4
2026-09-16 00:39:24,29,100.0,24.5,6.0,1.4
2026-09-16 00:39:25,30,100.0,24.5,6.0,1.4
2026-09-16 00:39:26,31,100.0,24.5,6.0,1.4
2026-09-16 00:39:27,32,100.0,24.5,6.0,1.4
2026-09-16 00:39:28,33,100.0,24.5,6.0,1.4
2026-09-16 00:39:29,34,100.0,24.5,6.0,1.4
2026-09-16 00:39:31,35,100.0,24.5,6.0,1.4
2026-09-16 00:39:32,36,100.0,24.5,6.0,1.4
2026-09-16 00:39:33,37,100.0,24.5,6.0,1.4
2026-09-16 00:39:34,38,100.0,24.5,6.0,1.4
2026-09-16 00:39:35,39,100.0,24.5,6.0,1.4
2026-09-16 00:39:36,40,100.0,24.5,6.0,1.4
2026-09-16 00:39:37,41,100.0,24.5,6.0,1.4
2026-09-16 00:39:39,42,100.0,24.5,6.0,1.4
2026-09-16 00:39:40,43,100.0,24.5,6.0,1.4
2026-09-16 00:39:41,44,100.0,24.5,6.0,1.4
2026-09-16 00:39:42,45,100.0,24.5,6.0,1.4
2026-09-16 00:39:43,46,100.0,24.5,6.0,1.4
2026-09-16 00:39:44,47,100.0,24.5,6.0,1.4
2026-09-16 00:39:46,48,100.0,24.5,6.0,1.4
2026-09-16 00:39:47,49,100.0,24.5,6.0,1.4
2026-09-16 00:39:48,50,100.0,24.5,6.0,1.4
2026-09-16 00:39:49,51,100.0,24.5,6.0,1.4
2026-09-16 00:39:50,52,100.0,24.5,6.0,1.4
2026-09-16 00:39:51,53,100.0,24.5,6.0,1.4
2026-09-16 00:39:53,54,100.0,24.5,6.0,1.4
2026-09-16 00:39:54,55,100.0,24.5,6.0,1.4
2026-09-16 00:39:55,56,100.0,24.5,6.0,1.4
2026-09-16 00:39:56,57,100.0,24.5,6.0,1.4
2026-09-16 00:39:57,58,100.0,24.5,6.0,1.4
2026-09-16 00:39:58,59,100.0,24.5,6.0,1.4
2026-09-16 00:39:59,60,100.0,24.5,6.0,1.4
2026-09-16 00:40:01,61,100.0,24.5,6.0,1.4
2026-09-16 00:40:02,62,100.0,24.5,6.0,1.4
2026-09-16 00:40:03,63,100.0,24.5,6.0,1.4
2026-09-16 00:40:04,64,100.0,24.5,6.0,1.4
2026-09-16 00:40:05,65,100.0,24.5,6.0,1.4
2026-09-16 00:40:07,66,100.0,24.5,6.0,1.4
2026-09-16 00:40:08,67,100.0,24.5,6.0,1.4
2026-09-16 00:40:09,68,100.0,24.5,6.0,1.4
2026-09-16 00:40:10,69,100.0,24.5,6.0,1.4
2026-09-16 00:40:11,70,100.0,24.5,6.0,1.4
2026-09-16 00:40:12,71,100.0,24.5,6.0,1.4
2026-09-16 00:40:14,72,100.0,24.5,6.0,1.4
2026-09-16 00:40:15,73,100.0,24.5,6.0,1.4
2026-09-16 00:40:16,74,100.0,24.5,6.0,1.4
2026-09-16 00:40:17,75,100.0,24.5,6.0,1.4
2026-09-16 00:40:18,76,100.0,24.5,6.0,1.4
2026-09-16 00:40:19,77,100.0,24.5,6.0,1.4
2026-09-16 00:40:20,78,100.0,24.5,6.0,1.4
2026-09-16 00:40:22,79,100.0,24.5,6.0,1.4
2026-09-16 00:40:23,80,100.0,24.5,6.0,1.4
2026-09-16 00:40:24,81,100.0,24.5,6.0,1.4
2026-09-16 00:40:25,82,100.0,24.5,6.0,1.4
2026-09-16 00:40:26,83,100.0,24.5,6.0,1.4
2026-09-16 00:40:27,84,100.0,24.5,6.0,1.4
2026-09-16 00:40:29,85,100.0,24.5,6.0,1.4
2026-09-16 00:40:30,86,100.0,24.5,6.0,1.4
2026-09-16 00:40:31,87,100.0,24.5,6.0,1.4
2026-09-16 00:40:32,88,100.0,24.5,6.0,1.4
2026-09-16 00:40:33,89,100.0,24.5,6.0,1.4
2026-09-16 00:40:34,90,100.0,24.5,6.0,1.4
2026-09-16 00:40:35,91,100.0,24.5,6.0,1.4
2026-09-16 00:40:37,92,100.0,24.5,6.0,1.4
2026-09-16 00:40:38,93,100.0,24.5,6.0,1.4
2026-09-16 00:40:39,94,100.0,24.5,6.0,1.4
2026-09-16 00:40:40,95,100.0,24.5,6.0,1.4
2026-09-16 00:40:41,96,100.0,24.5,6.0,1.4
2026-09-16 00:40:42,97,100.0,24.5,6.0,1.4
2026-09-16 00:40:44,98,100.0,24.5,6.0,1.4
2026-09-16 00:40:45,99,100.0,24.5,6.0,1.4
2026-09-16 00:40:46,100,100.0,24.5,6.0,1.4
2026-09-16 00:40:47,101,100.0,24.5,6.0,1.4
2026-09-16 00:40:48,102,100.0,24.5,6.0,1.4
2026-09-16 00:40:49,103,100.0,24.5,6.0,1.4
2026-09-16 00:40:51,104,100.0,24.5,6.0,1.4
2026-09-16 00:40:52,105,100.0,24.5,6.0,1.4
2026-09-16 00:40:53,106,100.0,24.5,6.0,1.4
2026-09-16 00:40:54,107,100.0,24.5,6.0,1.4
2026-09-16 00:40:55,108,100.0,24.5,6.0,1.4
2026-09-16 00:40:56,109,100.0,24.5,6.0,1.4
2026-09-16 00:40:58,110,100.0,24.5,6.0,1.4
2026-09-16 00:40:59,111,100.0,24.5,6.0,1.4
2026-09-16 00:41:00,112,100.0,24.5,6.0,1.4
2026-09-16 00:41:01,113,100.0,24.5,6.0,1.4
2026-09-16 00:41:02,114,100.0,24.5,6.0,1.4
2026-09-16 00:41:03,115,100.0,24.5,6.0,1.4
2026-09-16 00:41:05,116,100.0,24.5,6.0,1.4
2026-09-16 00:41:06,117,100.0,24.5,6.0,1.4
2026-09-16 00:41:07,118,100.0,24.5,6.0,1.4
2026-09-16 00:41:08,119,100.0,24.5,6.0,1.4
2026-09-16 00:41:09,120,100.0,24.5,6.0,1.4
2026-09-16 00:41:10,121,100.0,24.5,6.0,1.4
2026-09-16 00:41:12,122,100.0,24.5,6.0,1.4
2026-09-16 00:41:13,123,100.0,24.5,6.0,1.4
2026-09-16 00:41:14,124,100.0,24.5,6.0,1.4
2026-09-16 00:41:15,125,100.0,24.5,6.0,1.4
2026-09-16 00:41:16,126,100.0,24.5,6.0,1.4
2026-09-16 00:41:17,127,100.0,24.5,6.0,1.4
2026-09-16 00:41:19,128,100.0,24.5,6.0,1.4
2026-09-16 00:41:20,129,100.0,24.5,6.0,1.4
2026-09-16 00:41:21,130,100.0,24.5,6.0,1.4
2026-09-16 00:41:22,131,100.0,24.5,6.0,1.4
2026-09-16 00:41:23,132,100.0,24.5,6.0,1.4
2026-09-16 00:41:24,133,100.0,24.5,6.0,1.4
2026-09-16 00:41:26,134,100.0,24.5,6.0,1.4
2026-09-16 00:41:27,135,100.0,24.5,6.0,1.4
2026-09-16 00:41:28,136,100.0,24.5,6.0,1.4
2026-09-16 00:41:29,137,100.0,24.5,6.0,1.4
2026-09-16 00:41:30,138,100.0,24.5,6.0,1.4
2026-09-16 00:41:31,139,100.0,24.5,6.0,1.4
2026-09-16 00:41:35,140,100.0,24.5,6.0,1.4
2026-09-16 00:41:37,141,100.0,24.5,6.0,1.4
2026-09-16 00:41:38,142,100.0,24.5,6.0,1.4
2026-09-16 00:41:39,143,100.0,24.5,6.0,1.4
2026-09-16 00:41:40,144,100.0,24.5,6.0,1.4
2026-09-16 00:41:41,145,100.0,24.5,6.0,1.4
2026-09-16 00:41:42,146,100.0,24.5,6.0,1.4
2026-09-16 00:41:44,147,100.0,24.5,6.0,1.4
2026-09-16 00:41:45,148,100.0,24.5,6.0,1.4
2026-09-16 00:41:46,149,100.0,24.5,6.0,1.4
2026-09-16 00:41:47,150,100.0,24.5,6.0,1.4
2026-09-16 00:41:48,151,100.0,24.5,6.0,1.4
2026-09-16 00:41:49,152,100.0,24.5,6.0,1.4
2026-09-16 00:41:51,153,100.0,24.5,6.0,1.4
2026-09-16 00:41:52,154,100.0,24.5,6.0,1.4
2026-09-16 00:41:53,155,100.0,24.5,6.0,1.4
2026-09-16 00:41:54,156,100.0,24.5,6.0,1.4
2026-09-16 00:41:55,157,100.0,24.5,6.0,1.4
2026-09-16 00:41:56,158,100.0,24.5,6.0,1.4
2026-09-16 00:41:58,159,100.0,24.5,6.0,1.4
2026-09-16 00:41:59,160,100.0,24.5,6.0,1.4
2026-09-16 00:42:00,161,100.0,24.5,6.0,1.4
2026-09-16 00:42:01,162,100.0,24.5,6.0,1.4
2026-09-16 00:42:02,163,100.0,24.5,6.0,1.4
2026-09-16 00:42:03,164,100.0,24.5,6.0,1.4
2026-09-16 00:42:05,165,100.0,24.5,6.0,1.4
2026-09-16 00:42:06,166,100.0,24.5,6.0,1.4
2026-09-16 00:42:07,167,100.0,24.5,6.0,1.4
2026-09-16 00:42:08,168,100.0,24.5,6.0,1.4
2026-09-16 00:42:09,169,100.0,24.5,6.0,1.4
2026-09-16 00:42:10,170,100.0,24.5,6.0,1.4
2026-09-16 00:42:12,171,100.0,24.5,6.0,1.4
2026-09-16 00:42:13,172,100.0,24.5,6.0,1.4
2026-09-16 00:42:14,173,100.0,24.5,6.0,1.4
2026-09-16 00:42:15,174,100.0,24.5,6.0,1.4
2026-09-16 00:42:16,175,100.0,24.5,6.0,1.4
2026-09-16 00:42:17,176,100.0,24.5,6.0,1.4
2026-09-16 00:42:19,177,100.0,24.5,6.0,1.4
2026-09-16 00:42:20,178,100.0,24.5,6.0,1.4
2026-09-16 00:42:21,179,100.0,24.5,6.0,1.4
2026-09-16 00:42:22,180,100.0,24.5,6.0,1.4
2026-09-16 00:42:23,181,100.0,24.5,6.0,1.4
2026-09-16 00:42:24,182,100.0,24.5,6.0,1.4
2026-09-16 00:42:26,183,100.0,24.5,6.0,1.4
2026-09-16 00:42:27,184,100.0,24.5,6.0,1.4
2026-09-16 00:42:28,185,100.0,24.5,6.0,1.4
2026-09-16 00:42:29,186,100.0,24.5,6.0,1.4
2026-09-16 00:42:30,187,100.0,24.5,6.0,1.4
2026-09-16 00:42:31,188,100.0,24.5,6.0,1.4
2026-09-16 00:42:33,189,100.0,24.5,6.0,1.4
2026-09-16 00:42:34,190,100.0,24.5,6.0,1.4
2026-09-16 00:42:35,191,100.0,24.5,6.0,1.4
2026-09-16 00:42:36,192,100.0,24.5,6.0,1.4
2026-09-16 00:42:37,193,100.0,24.5,6.0,1.4
2026-09-16 00:42:38,194,100.0,24.5,6.0,1.4
2026-09-16 00:42:40,195,100.0,24.5,6.0,1.4
2026-09-16 00:42:41,196,100.0,24.5,6.0,1.4
2026-09-16 00:42:42,197,100.0,24.5,6.0,1.4
2026-09-16 00:42:43,198,100.0,24.5,6.0,1.4
2026-09-16 00:42:44,199,100.0,24.5,6.0,1.4
2026-09-16 00:42:45,200,100.0,24.5,6.0,1.4
2026-09-16 00:42:47,201,100.0,24.5,6.0,1.4
2026-09-16 00:42:48,202,100.0,24.5,6.0,1.4
2026-09-16 00:42:49,203,100.0,24.5,6.0,1.4
2026-09-16 00:42:50,204,100.0,24.5,6.0,1.4
2026-09-16 00:42:51,205,100.0,24.5,6.0,1.4
2026-09-16 00:42:52,206,100.0,24.5,6.0,1.4
2026-09-16 00:42:54,207,100.0,24.5,6.0,1.4
2026-09-16 00:42:55,208,100.0,24.5,6.0,1.4
2026-09-16 00:42:56,209,100.0,24.5,6.0,1.4
2026-09-16 00:42:57,210,100.0,24.5,6.0,1.4
2026-09-16 00:42:58,211,100.0,24.5,6.0,1.4
2026-09-16 00:43:00,212,100.0,24.5,6.0,1.4
2026-09-16 00:43:01,213,100.0,24.5,6.0,1.4
2026-09-16 00:43:02,214,100.0,24.5,6.0,1.4
2026-09-16 00:43:03,215,100.0,24.5,6.0,1.4
2026-09-16 00:43:04,216,100.0,24.5,6.0,1.4
2026-09-16 00:43:05,217,100.0,24.5,6.0,1.4
2026-09-16 00:43:07,218,100.0,24.5,6.0,1.4
2026-09-16 00:43:08,219,100.0,24.5,6.0,1.4
2026-09-16 00:43:09,220,100.0,24.5,6.0,1.4
2026-09-16 00:43:10,221,100.0,24.5,6.0,1.4
2026-09-16 00:43:11,222,100.0,24.5,6.0,1.4
2026-09-16 00:43:12,223,100.0,24.5,6.0,1.4
2026-09-16 00:43:14,224,100.0,24.5,6.0,1.4
2026-09-16 00:43:15,225,100.0,24.5,6.0,1.4
2026-09-16 00:43:16,226,100.0,24.5,6.0,1.4
2026-09-16 00:43:17,227,100.0,24.5,6.0,1.4
2026-09-16 00:43:18,228,100.0,24.5,6.0,1.4
2026-09-16 00:43:19,229,100.0,24.5,6.0,1.4
2026-09-16 00:43:21,230,100.0,24.5,6.0,1.4
2026-09-16 00:43:22,231,100.0,24.5,6.0,1.4
2026-09-16 00:43:23,232,100.0,24.5,6.0,1.4
2026-09-16 00:43:24,233,100.0,24.5,6.0,1.4
2026-09-16 00:43:25,234,100.0,24.5,6.0,1.4
2026-09-16 00:43:26,235,100.0,24.5,6.0,1.4
2026-09-16 00:43:28,236,100.0,24.5,6.0,1.4
2026-09-16 00:43:29,237,100.0,24.5,6.0,1.4
2026-09-16 00:43:30,238,100.0,24.5,6.0,1.4
2026-09-16 00:43:31,239,100.0,24.5,6.0,1.4
2026-09-16 00:43:32,240,100.0,24.5,6.0,1.4
2026-09-16 00:43:33,241,100.0,24.5,6.0,1.4
2026-09-16 00:43:35,242,100.0,24.5,6.0,1.4
2026-09-16 00:43:36,243,100.0,24.5,6.0,1.4
2026-09-16 00:43:37,244,100.0,24.5,6.0,1.4
2026-09-16 00:43:38,245,100.0,24.5,6.0,1.4
2026-09-16 00:43:39,246,100.0,24.5,6.0,1.4
2026-09-16 00:43:40,247,100.0,24.5,6.0,1.4
2026-09-16 00:43:42,248,100.0,24.5,6.0,1.4
2026-09-16 00:43:43,249,100.0,24.5,6.0,1.4
2026-09-16 00:43:44,250,100.0,24.5,6.0,1.4
2026-09-16 00:43:45,251,100.0,24.5,6.0,1.4
2026-09-16 00:43:46,252,100.0,24.5,6.0,1.4
2026-09-16 00:43:47,253,100.0,24.5,6.0,1.4
2026-09-16 00:43:49,254,100.0,24.5,6.0,1.4
2026-09-16 00:43:50,255,100.0,24.5,6.0,1.4
2026-09-16 00:43:51,256,100.0,24.5,6.0,1.4
2026-09-16 00:43:52,257,100.0,24.5,6.0,1.4
2026-09-16 00:43:53,258,100.0,24.5,6.0,1.4
2026-09-16 00:43:55,259,100.0,24.5,6.0,1.4
2026-09-16 00:43:56,260,100.0,24.5,6.0,1.4
2026-09-16 00:43:57,261,100.0,24.5,6.0,1.4
2026-09-16 00:43:58,262,100.0,24.5,6.0,1.4
2026-09-16 00:43:59,263,100.0,24.5,6.0,1.4
2026-09-16 00:44:00,264,100.0,24.5,6.0,1.4
2026-09-16 00:44:02,265,100.0,24.5,6.0,1.4
2026-09-16 00:44:03,266,100.0,24.5,6.0,1.4
2026-09-16 00:44:04,267,100.0,24.5,6.0,1.4
2026-09-16 00:44:05,268,100.0,24.5,6.0,1.4
2026-09-16 00:44:06,269,100.0,24.5,6.0,1.4
2026-09-16 00:44:07,270,100.0,24.5,6.0,1.4
2026-09-16 00:44:09,271,100.0,24.5,6.0,1.4
2026-09-16 00:44:10,272,100.0,24.5,6.0,1.4
2026-09-16 00:44:11,273,100.0,24.5,6.0,1.4
2026-09-16 00:44:12,274,100.0,24.5,6.0,1.4
2026-09-16 00:44:13,275,100.0,24.5,6.0,1.4
2026-09-16 00:44:14,276,100.0,24.5,6.0,1.4
2026-09-16 00:44:16,277,100.0,24.5,6.0,1.4
2026-09-16 00:44:17,278,100.0,24.5,6.0,1.4
2026-09-16 00:44:18,279,100.0,24.5,6.0,1.4
2026-09-16 00:44:19,280,100.0,24.5,6.0,1.4
2026-09-16 00:44:20,281,100.0,24.5,6.0,1.4
2026-09-16 00:44:21,282,100.0,24.5,6.0,1.4
2026-09-16 00:44:23,283,100.0,24.5,6.0,1.4
2026-09-16 00:44:24,284,100.0,24.5,6.0,1.4
2026-09-16 00:44:25,285,100.0,24.5,6.0,1.4
2026-09-16 00:44:26,286,100.0,24.5,6.0,1.4
2026-09-16 00:44:27,287,100.0,24.5,6.0,1.4
2026-09-16 00:44:28,288,100.0,24.5,6.0,1.4
2026-09-16 00:44:30,289,100.0,24.5,6.0,1.4
2026-09-16 00:44:31,290,100.0,24.5,6.0,1.4
2026-09-16 00:44:32,291,100.0,24.5,6.0,1.4
2026-09-16 00:44:33,292,100.0,24.5,6.0,1.4
2026-09-16 00:44:34,293,100.0,24.5,6.0,1.4
2026-09-16 00:44:35,294,100.0,24.5,6.0,1.4
2026-09-16 00:44:37,295,100.0,24.5,6.0,1.4
2026-09-16 00:44:38,296,100.0,24.5,6.0,1.4
2026-09-16 00:44:39,297,100.0,24.5,6.0,1.4
2026-09-16 00:44:40,298,100.0,24.5,6.0,1.4
2026-09-16 00:44:41,299,100.0,24.5,6.0,1.4
2026-09-16 00:44:43,300,100.0,24.5,6.0,1.4
2026-09-16 00:44:44,301,100.0,24.5,6.0,1.4
2026-09-16 00:44:45,302,100.0,24.5,6.0,1.4
2026-09-16 00:44:46,303,100.0,24.5,6.0,1.4
2026-09-16 00:44:47,304,100.0,24.5,6.0,1.4
2026-09-16 00:44:48,305,100.0,24.5,6.0,1.4
2026-09-16 00:44:50,306,100.0,24.5,6.0,1.4
2026-09-16 00:44:51,307,100.0,24.5,6.0,1.4
2026-09-16 00:44:52,308,100.0,24.5,6.0,1.4
2026-09-16 00:44:53,309,100.0,24.5,6.0,1.4
2026-09-16 00:44:54,310,100.0,24.5,6.0,1.4
2026-09-16 00:44:55,311,100.0,24.5,6.0,1.4
2026-09-16 00:44:57,312,100.0,24.5,6.0,1.4
2026-09-16 00:44:58,313,100.0,24.5,6.0,1.4
2026-09-16 00:44:59,314,100.0,24.5,6.0,1.4
2026-09-16 00:45:00,315,100.0,24.5,6.0,1.4
2026-09-16 00:45:01,316,100.0,24.5,6.0,1.4
2026-09-16 00:45:02,317,100.0,24.5,6.0,1.4
2026-09-16 00:45:04,318,100.0,24.5,6.0,1.4
2026-09-16 00:45:05,319,100.0,24.5,6.0,1.4
2026-09-16 00:45:06,320,100.0,24.5,6.0,1.4
2026-09-16 00:45:07,321,100.0,24.5,6.0,1.4
2026-09-16 00:45:08,322,100.0,24.5,6.0,1.4
2026-09-16 00:45:09,323,100.0,24.5,6.0,1.4
2026-09-16 00:45:11,324,100.0,24.5,6.0,1.4
2026-09-16 00:45:12,325,100.0,24.5,6.0,1.4
2026-09-16 00:45:13,326,100.0,24.5,6.0,1.4
2026-09-16 00:45:14,327,100.0,24.5,6.0,1.4
2026-09-16 00:45:15,328,100.0,24.5,6.0,1.4
2026-09-16 00:45:16,329,100.0,24.5,6.0,1.4
2026-09-16 00:45:18,330,100.0,24.5,6.0,1.4
2026-09-16 00:45:19,331,100.0,24.5,6.0,1.4
2026-09-16 00:45:20,332,100.0,24.5,6.0,1.4
2026-09-16 00:45:21,333,100.0,24.5,6.0,1.4
2026-09-16 00:45:22,334,100.0,24.5,6.0,1.4
2026-09-16 00:45:24,335,100.0,24.5,6.0,1.4
2026-09-16 00:45:25,336,100.0,24.5,6.0,1.4
2026-09-16 00:45:26,337,100.0,24.5,6.0,1.4
2026-09-16 00:45:27,338,100.0,24.5,6.0,1.4
2026-09-16 00:45:28,339,100.0,24.5,6.0,1.4
2026-09-16 00:45:29,340,100.0,24.5,6.0,1.4
2026-09-16 00:45:31,341,100.0,24.5,6.0,1.4
2026-09-16 00:45:32,342,100.0,24.5,6.0,1.4
2026-09-16 00:45:33,343,100.0,24.5,6.0,1.4
2026-09-16 00:45:34,344,100.0,24.5,6.0,1.4
2026-09-16 00:45:35,345,100.0,24.5,6.0,1.4
2026-09-16 00:45:36,346,100.0,24.5,6.0,1.4
2026-09-16 00:45:38,347,100.0,24.5,6.0,1.4
2026-09-16 00:45:39,348,100.0,24.5,6.0,1.4
2026-09-16 00:45:40,349,100.0,24.5,6.0,1.4
2026-09-16 00:45:41,350,100.0,24.5,6.0,1.4
